timestamp,dummy_0,dummy_2,dummy_3,dummy_X
2025-12-12T11:00:00,0,2,12,
2025-12-12T11:00:02,0,3,20,
2025-12-12T11:00:03,0,0,51,
2025-12-12T11:00:04,0,2,11,
2025-12-12T11:00:05,0,0,78,
2025-12-12T11:00:06,0,5,15,
2025-12-12T11:00:07,0,2,22,
2025-12-12T11:00:08,0,10,50,
2025-12-12T11:00:09,0,6,82,
2025-12-12T11:00:10,0,1,90,
2025-12-12T11:00:11,0,2,24,
2025-12-12T11:00:12,0,0,51,
2025-12-12T11:00:13,0,9,21,
2025-12-12T11:00:14,0,6,24,
2025-12-12T11:00:15,0,2,15,
2025-12-12T11:00:16,0,7,81,
2025-12-12T11:00:17,0,8,81,
2025-12-12T11:00:18,0,5,47,
2025-12-12T11:00:19,0,0,97,
2025-12-12T11:00:20,0,10,20,
2025-12-12T11:00:21,0,6,46,
2025-12-12T11:00:22,0,2,30,
2025-12-12T11:00:23,0,10,10,
2025-12-12T11:00:24,0,3,34,
2025-12-12T11:00:25,0,10,85,
2025-12-12T11:00:26,0,4,25,
2025-12-12T11:00:27,0,9,44,
2025-12-12T11:00:28,0,4,74,
2025-12-12T11:00:29,0,1,81,
2025-12-12T11:00:30,0,8,28,
2025-12-12T11:00:31,0,6,22,
2025-12-12T11:00:32,0,0,82,
2025-12-12T11:00:33,0,4,15,
2025-12-12T11:00:34,0,5,79,
2025-12-12T11:00:35,0,6,98,
2025-12-12T11:00:36,0,4,47,
2025-12-12T11:00:37,0,1,25,
2025-12-12T11:00:38,0,5,11,
2025-12-12T11:00:39,0,7,91,
2025-12-12T11:00:40,0,7,18,
2025-12-12T11:00:41,0,9,36,
2025-12-12T11:00:42,0,7,35,
2025-12-12T11:00:43,0,9,8,
2025-12-12T11:00:44,0,10,21,
2025-12-12T11:00:45,0,0,3,
2025-12-12T11:00:46,0,3,85,
2025-12-12T11:00:47,0,7,8,
2025-12-12T11:00:48,0,4,13,
2025-12-12T11:00:49,0,10,8,
2025-12-12T11:00:50,0,3,90,
2025-12-12T11:00:51,0,4,36,
2025-12-12T11:00:52,0,2,8,
2025-12-12T11:00:53,0,9,84,
2025-12-12T11:00:54,0,10,11,
2025-12-12T11:00:55,0,3,4,
2025-12-12T11:00:56,0,5,19,
2025-12-12T11:00:57,0,1,85,
2025-12-12T11:00:58,0,5,48,
2025-12-12T11:00:59,0,3,18,
2025-12-12T11:01:00,0,6,64,
2025-12-12T11:01:01,0,8,35,
2025-12-12T11:01:02,0,3,18,
2025-12-12T11:01:03,0,7,33,
2025-12-12T11:01:04,0,5,23,
2025-12-12T11:01:05,0,4,44,
2025-12-12T11:01:06,0,0,31,
2025-12-12T11:01:07,0,4,93,
2025-12-12T11:01:08,0,0,45,
2025-12-12T11:01:09,0,6,57,
2025-12-12T11:01:10,0,0,24,
2025-12-12T11:01:11,0,2,74,
2025-12-12T11:01:12,0,6,24,
2025-12-12T11:01:13,0,5,60,
2025-12-12T11:01:14,0,4,32,
2025-12-12T11:01:15,0,4,66,
2025-12-12T11:01:16,0,10,77,
2025-12-12T11:01:17,0,5,57,
2025-12-12T11:01:18,0,0,89,
2025-12-12T11:01:19,0,9,20,
2025-12-12T11:01:20,0,1,3,
2025-12-12T11:01:21,0,2,66,
2025-12-12T11:01:22,0,5,93,
2025-12-12T11:01:23,0,10,75,
2025-12-12T11:01:24,0,8,76,
2025-12-12T11:01:25,0,2,17,
2025-12-12T11:01:26,0,6,84,
2025-12-12T11:01:27,0,2,0,
2025-12-12T11:01:28,0,6,84,
2025-12-12T11:01:29,0,5,85,
2025-12-12T11:01:30,0,5,12,
2025-12-12T11:01:31,0,6,20,
2025-12-12T11:01:32,0,7,3,
2025-12-12T11:01:33,0,3,29,
2025-12-12T11:01:34,0,6,65,
2025-12-12T11:01:35,0,7,30,
2025-12-12T11:01:36,0,1,32,
2025-12-12T11:01:37,0,10,41,
2025-12-12T11:01:38,0,6,27,
2025-12-12T11:01:39,0,10,33,
2025-12-12T11:01:40,0,5,1,
2025-12-12T11:01:41,0,3,18,
2025-12-12T11:01:42,0,7,97,
2025-12-12T11:01:43,0,8,55,
2025-12-12T11:01:44,0,7,89,
2025-12-12T11:01:45,0,8,67,
2025-12-12T11:01:46,0,1,57,
2025-12-12T11:01:47,0,7,9,
2025-12-12T11:01:48,0,3,25,
2025-12-12T11:01:49,0,7,53,
2025-12-12T11:01:50,0,6,30,
2025-12-12T11:01:51,0,0,100,
2025-12-12T11:01:52,0,6,56,
2025-12-12T11:01:53,0,6,53,
2025-12-12T11:01:54,0,7,17,
2025-12-12T11:01:55,0,5,45,
2025-12-12T11:01:56,0,10,32,
2025-12-12T11:01:57,0,4,100,
2025-12-12T11:01:58,0,10,35,
2025-12-12T11:01:59,0,0,48,
2025-12-12T11:02:00,0,6,9,
2025-12-12T11:02:09,0,10,52,
2025-12-12T11:02:10,0,0,62,
2025-12-12T11:02:11,0,2,67,
2025-12-12T11:02:12,0,5,17,
2025-12-12T11:02:13,0,10,96,
2025-12-12T11:02:14,0,10,75,
2025-12-12T11:02:15,0,4,46,
2025-12-12T11:02:16,0,4,8,
2025-12-12T11:02:17,0,9,99,
2025-12-12T11:02:18,0,1,97,
2025-12-12T11:02:19,0,6,23,
2025-12-12T11:02:20,0,1,24,
2025-12-12T11:02:21,0,6,20,
2025-12-12T11:02:22,0,9,65,
2025-12-12T11:02:23,0,8,54,
2025-12-12T11:02:24,0,0,90,
2025-12-12T11:02:25,0,9,62,
2025-12-12T11:02:26,0,10,32,
2025-12-12T11:02:27,0,10,88,
2025-12-12T11:02:28,0,2,59,
2025-12-12T11:02:29,0,2,40,
2025-12-12T11:02:30,0,9,85,
2025-12-12T11:02:31,0,1,86,
2025-12-12T11:02:32,0,9,93,
2025-12-12T11:02:33,0,4,1,
2025-12-12T11:02:34,0,3,65,
2025-12-12T11:02:35,0,0,79,
2025-12-12T11:02:36,0,2,0,
2025-12-12T11:02:37,0,6,22,
2025-12-12T11:02:38,0,9,28,
2025-12-12T11:02:39,0,0,49,
2025-12-12T11:02:40,0,3,97,
2025-12-12T11:02:41,0,2,96,
2025-12-12T11:02:42,0,1,98,
2025-12-12T11:02:43,0,10,9,
2025-12-12T11:02:44,0,5,50,
2025-12-12T11:02:45,0,0,25,
2025-12-12T11:02:46,0,2,32,
2025-12-12T11:02:47,0,9,47,
2025-12-12T11:02:48,0,2,46,
2025-12-12T11:02:49,0,4,65,
2025-12-12T11:02:50,0,0,70,
2025-12-12T11:02:51,0,4,25,
2025-12-12T11:02:52,0,4,76,
2025-12-12T11:02:53,0,4,33,
2025-12-12T11:02:54,0,1,48,
2025-12-12T11:02:55,0,7,57,
2025-12-12T11:02:56,0,0,70,
2025-12-12T11:02:57,0,6,20,
2025-12-12T11:02:58,0,4,50,
2025-12-12T11:02:59,0,5,25,
2025-12-12T11:03:00,0,6,77,
2025-12-12T11:03:02,0,3,81,
2025-12-12T11:03:03,0,8,56,
2025-12-12T11:03:04,0,6,8,
2025-12-12T11:03:05,0,1,36,
2025-12-12T11:03:06,0,0,24,
2025-12-12T11:03:07,0,6,59,
2025-12-12T11:03:08,0,10,40,
2025-12-12T11:03:09,0,9,82,
2025-12-12T11:03:10,0,7,16,
2025-12-12T11:03:11,0,9,82,
2025-12-12T11:03:12,0,5,39,
2025-12-12T11:03:13,0,2,9,
2025-12-12T11:03:14,0,4,56,
2025-12-12T11:03:15,0,4,42,
2025-12-12T11:03:16,0,1,76,
2025-12-12T11:03:17,0,9,86,
2025-12-12T11:03:18,0,3,66,
2025-12-12T11:03:19,0,6,18,
2025-12-12T11:03:20,0,10,12,
2025-12-12T11:03:21,0,0,33,
2025-12-12T11:03:22,0,7,22,
2025-12-12T11:03:23,0,3,50,
2025-12-12T11:03:24,0,3,32,
2025-12-12T11:03:25,0,0,84,
2025-12-12T11:03:26,0,7,26,
2025-12-12T11:03:27,0,2,10,
2025-12-12T11:03:28,0,7,71,
2025-12-12T11:03:29,0,3,8,
2025-12-12T11:03:30,0,4,68,
2025-12-12T11:03:31,0,10,64,
2025-12-12T11:03:32,0,3,30,
2025-12-12T11:03:33,0,3,88,
2025-12-12T11:03:34,0,3,99,
2025-12-12T11:03:35,0,2,52,
2025-12-12T11:03:36,0,6,64,
2025-12-12T11:03:37,0,7,32,
2025-12-12T11:03:38,0,8,45,
2025-12-12T11:03:39,0,5,41,
2025-12-12T11:03:40,0,8,50,
2025-12-12T11:03:41,0,9,48,
2025-12-12T11:03:42,0,4,13,
2025-12-12T11:03:43,0,7,75,
2025-12-12T11:03:44,0,5,84,
2025-12-12T11:03:45,0,9,78,
2025-12-12T11:03:46,0,2,51,
2025-12-12T11:03:47,0,10,73,
2025-12-12T11:03:48,0,1,9,
2025-12-12T11:03:49,0,4,95,
2025-12-12T11:03:50,0,5,98,
2025-12-12T11:03:51,0,3,73,
2025-12-12T11:03:52,0,1,9,
2025-12-12T11:03:53,0,6,35,
2025-12-12T11:03:54,0,5,35,
2025-12-12T11:03:55,0,6,21,
2025-12-12T11:03:56,0,1,9,
2025-12-12T11:03:57,0,3,59,
2025-12-12T11:03:58,0,8,55,
2025-12-12T11:03:59,0,6,27,
2025-12-12T11:04:00,0,5,94,
2025-12-12T11:04:01,0,2,58,
2025-12-12T11:04:02,0,5,98,
2025-12-12T11:04:03,0,5,20,
2025-12-12T11:04:04,0,5,73,
2025-12-12T11:04:05,0,7,2,
2025-12-12T11:04:06,0,2,3,
2025-12-12T11:04:07,0,3,78,
2025-12-12T11:04:08,0,7,43,
2025-12-12T11:04:09,0,0,43,
2025-12-12T11:04:10,0,5,36,
2025-12-12T11:04:11,0,1,18,
2025-12-12T11:04:12,0,8,85,
2025-12-12T11:04:13,0,7,75,
2025-12-12T11:04:14,0,7,60,
2025-12-12T11:04:15,0,10,24,
2025-12-12T11:04:16,0,7,1,
2025-12-12T11:04:17,0,8,17,
2025-12-12T11:04:18,0,0,94,
2025-12-12T11:04:19,0,6,27,
2025-12-12T11:04:20,0,2,83,
2025-12-12T11:04:21,0,1,11,
2025-12-12T11:04:22,0,7,77,
2025-12-12T11:04:23,0,10,17,
2025-12-12T11:04:24,0,2,28,
2025-12-12T11:04:25,0,4,46,
2025-12-12T11:04:26,0,0,32,
2025-12-12T11:04:27,0,2,47,
2025-12-12T11:04:28,0,3,41,
2025-12-12T11:04:29,0,5,45,
2025-12-12T11:04:30,0,8,77,
2025-12-12T11:04:31,0,1,52,
2025-12-12T11:04:32,0,8,43,
2025-12-12T11:04:33,0,2,98,
2025-12-12T11:04:34,0,10,42,
2025-12-12T11:04:35,0,2,94,
2025-12-12T11:04:36,0,2,10,
2025-12-12T11:04:37,0,2,82,
2025-12-12T11:04:38,0,3,3,
2025-12-12T11:04:39,0,10,31,
2025-12-12T11:04:40,0,7,26,
2025-12-12T11:04:41,0,7,75,
2025-12-12T11:04:42,0,0,35,
2025-12-12T11:04:43,0,8,36,
2025-12-12T11:04:44,0,1,37,
2025-12-12T11:04:45,0,10,29,
2025-12-12T11:04:46,0,3,40,
2025-12-12T11:04:47,0,2,76,
2025-12-12T11:04:48,0,10,39,
2025-12-12T11:04:49,0,6,46,
2025-12-12T11:04:50,0,1,85,
2025-12-12T11:04:51,0,3,35,
2025-12-12T11:04:52,0,0,87,
2025-12-12T11:04:53,0,4,95,
2025-12-12T11:04:54,0,3,19,
2025-12-12T11:04:55,0,1,78,
2025-12-12T11:04:56,0,6,62,
2025-12-12T11:04:57,0,8,11,
2025-12-12T11:04:58,0,1,47,
2025-12-12T11:04:59,0,2,21,
2025-12-12T11:05:01,0,9,19,
2025-12-12T11:05:02,0,9,4,
2025-12-12T11:05:03,0,7,84,
2025-12-12T11:05:04,0,4,22,
2025-12-12T11:05:05,0,5,83,
2025-12-12T11:05:06,0,4,63,
2025-12-12T11:05:07,0,5,99,
2025-12-12T11:05:08,0,5,80,
2025-12-12T11:05:09,0,1,70,
2025-12-12T11:05:10,0,4,95,
2025-12-12T11:05:11,0,4,93,
2025-12-12T11:05:12,0,7,93,
2025-12-12T11:05:13,0,2,58,
2025-12-12T11:05:14,0,5,88,
2025-12-12T11:05:15,0,0,28,
2025-12-12T11:05:16,0,6,63,
2025-12-12T11:05:17,0,9,68,
2025-12-12T11:05:18,0,0,20,
2025-12-12T11:05:19,0,8,21,
2025-12-12T11:05:20,0,2,94,
2025-12-12T11:05:21,0,8,35,
2025-12-12T11:05:22,0,0,44,
2025-12-12T11:05:23,0,3,42,
2025-12-12T11:05:24,0,10,98,
2025-12-12T11:05:25,0,2,70,
2025-12-12T11:05:26,0,3,57,
2025-12-12T11:05:27,0,6,89,
2025-12-12T11:05:28,0,5,63,
2025-12-12T11:05:29,0,3,48,
2025-12-12T11:05:30,0,0,87,
2025-12-12T11:05:31,0,10,24,
2025-12-12T11:05:32,0,1,95,
2025-12-12T11:05:33,0,2,85,
2025-12-12T11:05:34,0,0,22,
2025-12-12T11:05:35,0,10,100,
2025-12-12T11:05:36,0,8,24,
2025-12-12T11:05:37,0,0,28,
2025-12-12T11:05:38,0,2,89,
2025-12-12T11:05:39,0,7,89,
2025-12-12T11:05:40,0,10,23,
2025-12-12T11:05:41,0,7,13,
2025-12-12T11:05:42,0,7,7,
2025-12-12T11:05:43,0,2,78,
2025-12-12T11:05:44,0,8,23,
2025-12-12T11:05:45,0,6,27,
2025-12-12T11:05:46,0,3,40,
2025-12-12T11:05:47,0,10,97,
2025-12-12T11:05:48,0,4,98,
2025-12-12T11:05:49,0,8,77,
2025-12-12T11:05:50,0,8,6,
2025-12-12T11:05:51,0,0,9,
2025-12-12T11:05:52,0,8,95,
2025-12-12T11:05:53,0,5,10,
2025-12-12T11:05:54,0,4,60,
2025-12-12T11:05:55,0,9,21,
2025-12-12T11:05:56,0,10,8,
2025-12-12T11:05:57,0,1,15,
2025-12-12T11:05:58,0,7,50,
2025-12-12T11:05:59,0,2,28,
2025-12-12T11:06:00,0,0,98,
2025-12-12T11:06:02,0,5,46,
2025-12-12T11:06:03,0,4,24,
2025-12-12T11:06:04,0,3,53,
2025-12-12T11:06:05,0,7,35,
2025-12-12T11:06:06,0,0,78,
2025-12-12T11:06:07,0,10,18,
2025-12-12T11:06:08,0,4,18,
2025-12-12T11:06:09,0,8,2,
2025-12-12T11:06:10,0,4,98,
2025-12-12T11:06:11,0,1,31,
2025-12-12T11:06:12,0,6,4,
2025-12-12T11:06:13,0,9,60,
2025-12-12T11:06:14,0,0,44,
2025-12-12T11:06:15,0,2,59,
2025-12-12T11:06:16,0,4,16,
2025-12-12T11:06:17,0,10,24,
2025-12-12T11:06:18,0,3,57,
2025-12-12T11:06:19,0,8,18,
2025-12-12T11:06:20,0,6,28,
2025-12-12T11:06:21,0,5,41,
2025-12-12T11:06:22,0,4,86,
2025-12-12T11:06:23,0,1,45,
2025-12-12T11:06:24,0,10,98,
2025-12-12T11:06:25,0,8,81,
2025-12-12T11:06:26,0,0,42,
2025-12-12T11:06:27,0,3,26,
2025-12-12T11:06:28,0,2,25,
2025-12-12T11:06:29,0,8,52,
2025-12-12T11:06:30,0,4,51,
2025-12-12T11:06:31,0,9,58,
2025-12-12T11:06:32,0,5,5,
2025-12-12T11:06:33,0,6,60,
2025-12-12T11:06:34,0,8,19,
2025-12-12T11:06:35,0,8,97,
2025-12-12T11:06:36,0,7,50,
2025-12-12T11:06:37,0,4,38,
2025-12-12T11:06:38,0,7,32,
2025-12-12T11:06:39,0,7,79,
2025-12-12T11:06:40,0,7,84,
2025-12-12T11:06:41,0,3,35,
2025-12-12T11:06:42,0,8,49,
2025-12-12T11:06:43,0,2,19,
2025-12-12T11:06:44,0,3,64,
2025-12-12T11:06:45,0,8,49,
2025-12-12T11:06:46,0,3,52,
2025-12-12T11:06:47,0,4,83,
2025-12-12T11:06:48,0,9,45,
2025-12-12T11:06:49,0,1,66,
2025-12-12T11:06:50,0,6,80,
2025-12-12T11:06:51,0,2,93,
2025-12-12T11:06:52,0,6,85,
2025-12-12T11:06:53,0,4,92,
2025-12-12T11:06:54,0,5,24,
2025-12-12T11:06:55,0,6,10,
2025-12-12T11:06:56,0,0,15,
2025-12-12T11:06:57,0,3,82,
2025-12-12T11:06:58,0,2,28,
2025-12-12T11:06:59,0,10,80,
2025-12-12T11:07:00,0,4,13,
2025-12-12T11:07:01,0,0,27,
2025-12-12T11:07:02,0,8,81,
2025-12-12T11:07:03,0,8,33,
2025-12-12T11:07:04,0,10,90,
2025-12-12T11:07:05,0,2,89,
2025-12-12T11:07:06,0,1,39,
2025-12-12T11:07:07,0,2,86,
2025-12-12T11:07:08,0,2,14,
2025-12-12T11:07:09,0,3,61,
2025-12-12T11:07:10,0,6,94,
2025-12-12T11:07:11,0,0,91,
2025-12-12T11:07:12,0,7,46,
2025-12-12T11:07:13,0,6,66,
2025-12-12T11:07:14,0,5,87,
2025-12-12T11:07:15,0,6,66,
2025-12-12T11:07:16,0,7,86,
2025-12-12T11:07:17,0,10,96,
2025-12-12T11:07:18,0,10,8,
2025-12-12T11:07:19,0,0,60,
2025-12-12T11:07:20,0,3,66,
2025-12-12T11:07:21,0,1,81,
2025-12-12T11:07:22,0,1,90,
2025-12-12T11:07:23,0,2,75,
2025-12-12T11:07:24,0,7,45,
2025-12-12T11:07:25,0,10,80,
2025-12-12T11:07:26,0,2,24,
2025-12-12T11:07:27,0,10,68,
2025-12-12T11:07:28,0,8,57,
2025-12-12T11:07:29,0,7,35,
2025-12-12T11:07:30,0,7,72,
2025-12-12T11:07:31,0,0,89,
2025-12-12T11:07:32,0,6,56,
2025-12-12T11:07:33,0,6,7,
2025-12-12T11:07:34,0,5,84,
2025-12-12T11:07:35,0,6,76,
2025-12-12T11:07:36,0,0,32,
2025-12-12T11:07:38,0,7,23,
2025-12-12T11:07:39,0,6,14,
2025-12-12T11:07:40,0,4,7,
2025-12-12T11:07:41,0,0,33,
2025-12-12T11:07:42,0,4,29,
2025-12-12T11:07:43,0,8,40,
2025-12-12T11:07:44,0,0,91,
2025-12-12T11:07:45,0,7,43,
2025-12-12T11:07:46,0,5,15,
2025-12-12T11:07:47,0,3,51,
2025-12-12T11:07:48,0,10,97,
2025-12-12T11:07:49,0,3,79,
2025-12-12T11:07:50,0,10,92,
2025-12-12T11:07:51,0,3,18,
2025-12-12T11:07:52,0,9,87,
2025-12-12T11:07:53,0,0,24,
2025-12-12T11:07:54,0,4,61,
2025-12-12T11:07:55,0,9,48,
2025-12-12T11:07:56,0,1,70,
2025-12-12T11:07:57,0,6,23,
2025-12-12T11:07:58,0,7,52,
2025-12-12T11:07:59,0,6,70,
2025-12-12T11:08:00,0,2,29,
2025-12-12T11:08:01,0,8,92,
2025-12-12T11:08:02,0,4,95,
2025-12-12T11:08:03,0,10,50,
2025-12-12T11:08:04,0,4,55,
2025-12-12T11:08:05,0,5,36,
2025-12-12T11:08:06,0,9,10,
2025-12-12T11:08:07,0,4,43,
2025-12-12T11:08:08,0,7,82,
2025-12-12T11:08:09,0,0,34,
2025-12-12T11:08:10,0,2,46,
2025-12-12T11:08:11,0,6,58,
2025-12-12T11:08:12,0,2,15,
2025-12-12T11:08:13,0,1,37,
2025-12-12T11:08:14,0,8,15,
2025-12-12T11:08:15,0,3,45,
2025-12-12T11:08:16,0,3,74,
2025-12-12T11:08:17,0,10,95,
2025-12-12T11:08:18,0,3,34,
2025-12-12T11:08:19,0,8,74,
2025-12-12T11:08:20,0,1,10,
2025-12-12T11:08:21,0,9,0,
2025-12-12T11:08:22,0,8,84,
2025-12-12T11:08:23,0,9,24,
2025-12-12T11:08:24,0,2,41,
2025-12-12T11:08:25,0,2,62,
2025-12-12T11:08:26,0,1,72,
2025-12-12T11:08:27,0,4,61,
2025-12-12T11:08:28,0,5,62,
2025-12-12T11:08:29,0,9,87,
2025-12-12T11:08:30,0,1,97,
2025-12-12T11:08:31,0,7,6,
2025-12-12T11:08:32,0,9,71,
2025-12-12T11:08:33,0,9,89,
2025-12-12T11:08:34,0,3,6,
2025-12-12T11:08:35,0,10,63,
2025-12-12T11:08:36,0,8,2,
2025-12-12T11:08:37,0,0,96,
2025-12-12T11:08:38,0,5,79,
2025-12-12T11:08:39,0,3,15,
2025-12-12T11:08:40,0,5,81,
2025-12-12T11:08:41,0,10,58,
2025-12-12T11:08:42,0,4,76,
2025-12-12T11:08:43,0,6,51,
2025-12-12T11:08:44,0,5,53,
2025-12-12T11:08:45,0,9,81,
2025-12-12T11:08:46,0,10,93,
2025-12-12T11:08:47,0,8,70,
2025-12-12T11:08:48,0,3,50,
2025-12-12T11:08:49,0,3,53,
2025-12-12T11:08:50,0,4,21,
2025-12-12T11:08:51,0,4,78,
2025-12-12T11:08:52,0,8,21,
2025-12-12T11:08:53,0,9,16,
2025-12-12T11:08:54,0,10,46,
2025-12-12T11:08:55,0,10,1,
2025-12-12T11:08:56,0,6,33,
2025-12-12T11:08:57,0,5,92,
2025-12-12T11:08:58,0,6,1,
2025-12-12T11:08:59,0,10,18,
2025-12-12T11:09:00,0,9,94,
2025-12-12T11:09:01,0,9,70,
2025-12-12T11:09:02,0,0,8,
2025-12-12T11:09:03,0,1,99,
2025-12-12T11:09:04,0,1,100,
2025-12-12T11:09:05,0,0,39,
2025-12-12T11:09:06,0,2,77,
2025-12-12T11:09:07,0,5,83,
2025-12-12T11:09:08,0,7,48,
2025-12-12T11:09:09,0,0,76,
2025-12-12T11:09:10,0,2,59,
2025-12-12T11:09:11,0,2,14,
2025-12-12T11:09:12,0,1,68,
2025-12-12T11:09:13,0,9,60,
2025-12-12T11:09:14,0,7,45,
2025-12-12T11:09:15,0,10,35,
2025-12-12T11:09:16,0,10,34,
2025-12-12T11:09:17,0,3,9,
2025-12-12T11:09:18,0,6,36,
2025-12-12T11:09:19,0,9,9,
2025-12-12T11:09:20,0,7,40,
2025-12-12T11:09:21,0,8,80,
2025-12-12T11:09:22,0,1,36,
2025-12-12T11:09:23,0,0,24,
2025-12-12T11:09:24,0,10,38,
2025-12-12T11:09:25,0,5,94,
2025-12-12T11:09:26,0,2,48,
2025-12-12T11:09:27,0,7,53,
2025-12-12T11:09:28,0,0,93,
2025-12-12T11:09:29,0,8,51,
2025-12-12T11:09:30,0,3,22,
2025-12-12T11:09:31,0,5,61,
2025-12-12T11:09:32,0,9,2,
2025-12-12T11:09:34,0,5,71,
2025-12-12T11:09:35,0,9,14,
2025-12-12T11:09:36,0,1,44,
2025-12-12T11:09:37,0,7,99,
2025-12-12T11:09:38,0,8,67,
2025-12-12T11:09:39,0,8,30,
2025-12-12T11:09:40,0,8,49,
2025-12-12T11:09:41,0,8,29,
2025-12-12T11:09:42,0,10,70,
2025-12-12T11:09:43,0,4,96,
2025-12-12T11:09:44,0,4,20,
2025-12-12T11:09:45,0,5,23,
2025-12-12T11:09:46,0,9,53,
2025-12-12T11:09:47,0,7,70,
2025-12-12T11:09:48,0,7,72,
2025-12-12T11:09:49,0,3,76,
2025-12-12T11:09:50,0,4,83,
2025-12-12T11:09:51,0,8,3,
2025-12-12T11:09:52,0,5,84,
2025-12-12T11:09:53,0,4,0,
2025-12-12T11:09:54,0,8,16,
2025-12-12T11:09:55,0,6,33,
2025-12-12T11:09:56,0,10,52,
2025-12-12T11:09:57,0,10,4,
2025-12-12T11:09:58,0,4,48,
2025-12-12T11:09:59,0,9,18,
2025-12-12T11:10:00,0,9,1,
2025-12-12T11:10:01,0,4,87,
2025-12-12T11:10:02,0,0,82,
2025-12-12T11:10:03,0,5,60,
2025-12-12T11:10:04,0,9,93,
2025-12-12T11:10:05,0,6,4,
2025-12-12T11:10:06,0,9,35,
2025-12-12T11:10:07,0,2,40,
2025-12-12T11:10:08,0,1,53,
2025-12-12T11:10:09,0,5,15,
2025-12-12T11:10:10,0,0,52,
2025-12-12T11:10:11,0,1,40,
2025-12-12T11:10:12,0,1,6,
2025-12-12T11:10:13,0,1,75,
2025-12-12T11:10:14,0,9,96,
2025-12-12T11:10:15,0,1,49,
2025-12-12T11:10:16,0,10,53,
2025-12-12T11:10:17,0,8,81,
2025-12-12T11:10:18,0,0,92,
2025-12-12T11:10:19,0,0,16,
2025-12-12T11:10:20,0,4,40,
2025-12-12T11:10:21,0,2,24,
2025-12-12T11:10:22,0,0,33,
2025-12-12T11:10:23,0,3,22,
2025-12-12T11:10:24,0,6,80,
2025-12-12T11:10:25,0,8,47,
2025-12-12T11:10:26,0,2,36,
2025-12-12T11:10:27,0,2,50,
2025-12-12T11:10:28,0,10,21,
2025-12-12T11:10:29,0,3,46,
2025-12-12T11:10:30,0,8,80,
2025-12-12T11:10:31,0,1,10,
2025-12-12T11:10:32,0,0,12,
2025-12-12T11:10:33,0,2,77,
2025-12-12T11:10:34,0,5,33,
2025-12-12T11:10:35,0,5,37,
2025-12-12T11:10:36,0,5,78,
2025-12-12T11:10:37,0,8,19,
2025-12-12T11:10:38,0,8,65,
2025-12-12T11:10:39,0,4,86,
2025-12-12T11:10:40,0,0,67,
2025-12-12T11:10:41,0,1,26,
2025-12-12T11:10:42,0,10,99,
2025-12-12T11:10:43,0,6,89,
2025-12-12T11:10:44,0,7,57,
2025-12-12T11:10:45,0,5,2,
2025-12-12T11:10:46,0,0,60,
2025-12-12T11:10:47,0,0,91,
2025-12-12T11:10:48,0,10,29,
2025-12-12T11:10:49,0,8,40,
2025-12-12T11:10:50,0,0,89,
2025-12-12T11:10:51,0,10,35,
2025-12-12T11:10:52,0,3,39,
2025-12-12T11:10:53,0,8,83,
2025-12-12T11:10:54,0,1,66,
2025-12-12T11:10:55,0,7,98,
2025-12-12T11:10:56,0,5,82,
2025-12-12T11:10:57,0,0,25,
2025-12-12T11:10:58,0,9,99,
2025-12-12T11:10:59,0,8,72,
2025-12-12T11:11:00,0,10,25,
2025-12-12T11:11:01,0,6,9,
2025-12-12T11:11:02,0,1,87,
2025-12-12T11:11:04,0,7,57,
2025-12-12T11:11:05,0,5,71,
2025-12-12T11:11:06,0,9,93,
2025-12-12T11:11:07,0,0,52,
2025-12-12T11:11:08,0,4,98,
2025-12-12T11:11:09,0,9,97,
2025-12-12T11:11:10,0,6,45,
2025-12-12T11:11:11,0,8,16,
2025-12-12T11:11:12,0,2,31,
2025-12-12T11:11:13,0,4,39,
2025-12-12T11:11:14,0,9,77,
2025-12-12T11:11:15,0,7,88,
2025-12-12T11:11:16,0,7,83,
2025-12-12T11:11:17,0,10,83,
2025-12-12T11:11:18,0,4,94,
2025-12-12T11:11:19,0,3,11,
2025-12-12T11:11:20,0,10,16,
2025-12-12T11:11:21,0,7,40,
2025-12-12T11:11:22,0,7,78,
2025-12-12T11:11:23,0,7,31,
2025-12-12T11:11:24,0,8,17,
2025-12-12T11:11:25,0,5,1,
2025-12-12T11:11:26,0,2,54,
2025-12-12T11:11:27,0,6,29,
2025-12-12T11:11:28,0,8,96,
2025-12-12T11:11:29,0,10,38,
2025-12-12T11:11:30,0,10,54,
2025-12-12T11:11:31,0,9,5,
2025-12-12T11:11:32,0,10,62,
2025-12-12T11:11:33,0,10,71,
2025-12-12T11:11:34,0,4,28,
2025-12-12T11:11:35,0,0,52,
2025-12-12T11:11:36,0,5,52,
2025-12-12T11:11:37,0,9,78,
2025-12-12T11:11:38,0,7,49,
2025-12-12T11:11:39,0,7,47,
2025-12-12T11:11:40,0,5,48,
2025-12-12T11:11:41,0,8,49,
2025-12-12T11:11:42,0,4,41,
2025-12-12T11:11:43,0,10,93,
2025-12-12T11:11:44,0,0,90,
2025-12-12T11:11:45,0,9,91,
2025-12-12T11:11:46,0,8,35,
2025-12-12T11:11:47,0,7,12,
2025-12-12T11:11:48,0,6,0,
2025-12-12T11:11:49,0,1,29,
2025-12-12T11:11:50,0,6,27,
2025-12-12T11:11:51,0,0,34,
2025-12-12T11:11:52,0,4,70,
2025-12-12T11:11:53,0,7,63,
2025-12-12T11:11:54,0,2,19,
2025-12-12T11:11:55,0,6,87,
2025-12-12T11:11:56,0,5,50,
2025-12-12T11:11:57,0,7,85,
2025-12-12T11:11:58,0,0,60,
2025-12-12T11:11:59,0,1,27,
2025-12-12T11:12:00,0,8,28,
2025-12-12T11:12:01,0,10,72,
2025-12-12T11:12:02,0,2,11,
2025-12-12T11:12:03,0,8,14,
2025-12-12T11:12:04,0,0,99,
2025-12-12T11:12:05,0,10,65,
2025-12-12T11:12:06,0,8,77,
2025-12-12T11:12:07,0,0,1,
2025-12-12T11:12:08,0,4,25,
2025-12-12T11:12:09,0,7,70,
2025-12-12T11:12:10,0,1,45,
2025-12-12T11:12:11,0,3,84,
2025-12-12T11:12:12,0,6,10,
2025-12-12T11:12:13,0,8,74,
2025-12-12T11:12:14,0,2,15,
2025-12-12T11:12:15,0,2,52,
2025-12-12T11:12:16,0,2,31,
2025-12-12T11:12:17,0,7,90,
2025-12-12T11:12:18,0,2,59,
2025-12-12T11:12:19,0,2,85,
2025-12-12T11:12:20,0,1,17,
2025-12-12T11:12:21,0,0,60,
2025-12-12T11:12:22,0,0,24,
2025-12-12T11:12:23,0,4,25,
2025-12-12T11:12:24,0,6,73,
2025-12-12T11:12:25,0,10,72,
2025-12-12T11:12:26,0,2,44,
2025-12-12T11:12:27,0,2,46,
2025-12-12T11:12:28,0,10,66,
2025-12-12T11:12:29,0,1,23,
2025-12-12T11:12:30,0,9,8,
2025-12-12T11:12:31,0,1,38,
2025-12-12T11:12:32,0,5,81,
2025-12-12T11:12:33,0,9,93,
2025-12-12T11:12:34,0,2,41,
2025-12-12T11:12:35,0,7,55,
2025-12-12T11:12:36,0,9,56,
2025-12-12T11:12:37,0,6,94,
2025-12-12T11:12:38,0,7,72,
2025-12-12T11:12:39,0,7,84,
2025-12-12T11:12:40,0,5,72,
2025-12-12T11:12:41,0,7,18,
2025-12-12T11:12:42,0,1,15,
2025-12-12T11:12:43,0,4,12,
2025-12-12T11:12:44,0,0,89,
2025-12-12T11:12:45,0,10,3,
2025-12-12T11:12:46,0,5,37,
2025-12-12T11:12:47,0,1,82,
2025-12-12T11:12:48,0,3,36,
2025-12-12T11:12:49,0,7,11,
2025-12-12T11:12:50,0,3,40,
2025-12-12T11:12:51,0,3,78,
2025-12-12T11:12:52,0,4,72,
2025-12-12T11:12:53,0,8,82,
2025-12-12T11:12:54,0,1,97,
2025-12-12T11:12:55,0,10,40,
2025-12-12T11:12:56,0,10,33,
2025-12-12T11:12:57,0,0,27,
2025-12-12T11:12:58,0,8,84,
2025-12-12T11:12:59,0,5,93,
2025-12-12T11:13:00,0,1,47,
2025-12-12T11:13:01,0,4,79,
2025-12-12T11:13:02,0,4,5,
2025-12-12T11:13:03,0,3,51,
2025-12-12T11:13:04,0,2,5,
2025-12-12T11:13:05,0,8,78,
2025-12-12T11:13:06,0,2,2,
2025-12-12T11:13:07,0,10,72,
2025-12-12T11:13:08,0,9,22,
2025-12-12T11:13:09,0,3,48,
2025-12-12T11:13:10,0,6,6,
2025-12-12T11:13:11,0,0,36,
2025-12-12T11:13:12,0,6,37,
2025-12-12T11:13:13,0,7,19,
2025-12-12T11:13:14,0,7,71,
2025-12-12T11:13:15,0,5,76,
2025-12-12T11:13:16,0,5,100,
2025-12-12T11:13:17,0,1,35,
2025-12-12T11:13:18,0,6,91,
2025-12-12T11:13:19,0,3,82,
2025-12-12T11:13:20,0,7,28,
2025-12-12T11:13:21,0,8,40,
2025-12-12T11:13:22,0,0,52,
2025-12-12T11:13:23,0,9,31,
2025-12-12T11:13:24,0,2,84,
2025-12-12T11:13:25,0,1,25,
2025-12-12T11:13:26,0,10,37,
2025-12-12T11:13:27,0,1,60,
2025-12-12T11:13:28,0,9,34,
2025-12-12T11:13:29,0,9,45,
2025-12-12T11:13:30,0,9,5,
2025-12-12T11:13:31,0,1,84,
2025-12-12T11:13:32,0,7,18,
2025-12-12T11:13:33,0,8,90,
2025-12-12T11:13:34,0,2,58,
2025-12-12T11:13:35,0,0,18,
2025-12-12T11:13:36,0,10,35,
2025-12-12T11:13:37,0,10,40,
2025-12-12T11:13:38,0,10,65,
2025-12-12T11:13:39,0,8,19,
2025-12-12T11:13:40,0,0,6,
2025-12-12T11:13:41,0,6,72,
2025-12-12T11:13:42,0,10,74,
2025-12-12T11:13:43,0,0,69,
2025-12-12T11:13:44,0,8,74,
2025-12-12T11:13:46,0,10,72,
2025-12-12T11:13:47,0,10,5,
2025-12-12T11:13:48,0,7,46,
2025-12-12T11:13:49,0,5,40,
2025-12-12T11:13:50,0,6,32,
2025-12-12T11:13:51,0,5,62,
2025-12-12T11:13:52,0,10,17,
2025-12-12T11:13:53,0,10,80,
2025-12-12T11:13:54,0,7,23,
2025-12-12T11:13:55,0,1,94,
2025-12-12T11:13:56,0,0,23,
2025-12-12T11:13:57,0,10,84,
2025-12-12T11:13:58,0,4,22,
2025-12-12T11:13:59,0,7,5,
2025-12-12T11:14:00,0,2,60,
2025-12-12T11:14:01,0,5,99,
2025-12-12T11:14:02,0,6,28,
2025-12-12T11:14:03,0,6,28,
2025-12-12T11:14:04,0,0,93,
2025-12-12T11:14:05,0,0,39,
2025-12-12T11:14:06,0,3,99,
2025-12-12T11:14:07,0,4,86,
2025-12-12T11:14:08,0,5,5,
2025-12-12T11:14:09,0,9,78,
2025-12-12T11:14:10,0,10,23,
2025-12-12T11:14:11,0,7,9,
2025-12-12T11:14:12,0,4,99,
2025-12-12T11:14:13,0,1,44,
2025-12-12T11:14:14,0,7,35,
2025-12-12T11:14:15,0,7,33,
2025-12-12T11:14:16,0,2,84,
2025-12-12T11:14:17,0,10,22,
2025-12-12T11:14:18,0,1,50,
2025-12-12T11:14:19,0,4,38,
2025-12-12T11:14:20,0,6,43,
2025-12-12T11:14:21,0,7,28,
2025-12-12T11:14:22,0,8,95,
2025-12-12T11:14:23,0,2,96,
2025-12-12T11:14:24,0,7,69,
2025-12-12T11:14:25,0,8,3,
2025-12-12T11:14:26,0,4,11,
2025-12-12T11:14:27,0,5,99,
2025-12-12T11:14:28,0,1,38,
2025-12-12T11:14:29,0,1,95,
2025-12-12T11:14:30,0,1,49,
2025-12-12T11:14:31,0,1,23,
2025-12-12T11:14:32,0,8,76,
2025-12-12T11:14:33,0,9,98,
2025-12-12T11:14:34,0,7,57,
2025-12-12T11:14:35,0,0,69,
2025-12-12T11:14:36,0,4,24,
2025-12-12T11:14:37,0,1,51,
2025-12-12T11:14:38,0,4,52,
2025-12-12T11:14:39,0,10,77,
2025-12-12T11:14:40,0,4,70,
2025-12-12T11:14:41,0,3,10,
2025-12-12T11:14:42,0,1,72,
2025-12-12T11:14:43,0,5,13,
2025-12-12T11:14:44,0,10,91,
2025-12-12T11:14:45,0,2,32,
2025-12-12T11:14:46,0,9,92,
2025-12-12T11:14:47,0,3,78,
2025-12-12T11:14:48,0,8,27,
2025-12-12T11:14:49,0,5,63,
2025-12-12T11:14:50,0,7,98,
2025-12-12T11:14:51,0,9,74,
2025-12-12T11:14:52,0,2,38,
2025-12-12T11:14:53,0,6,71,
2025-12-12T11:14:54,0,9,81,
2025-12-12T11:14:55,0,10,53,
2025-12-12T11:14:56,0,8,82,
2025-12-12T11:14:57,0,4,83,
2025-12-12T11:15:57,0,8,72,
2025-12-12T11:15:59,0,1,51,
2025-12-12T11:16:00,0,7,94,
2025-12-12T11:16:01,0,5,16,
2025-12-12T11:16:02,0,2,82,
2025-12-12T11:16:03,0,2,99,
2025-12-12T11:16:04,0,2,24,
2025-12-12T11:16:05,0,4,1,
2025-12-12T11:20:23,0,1,92,
2025-12-12T11:20:24,0,7,35,
2025-12-12T11:20:25,0,3,69,
2025-12-12T11:20:27,0,10,82,
2025-12-12T11:20:28,0,8,11,
2025-12-12T11:20:29,0,3,56,
2025-12-12T11:20:30,0,10,0,
2025-12-12T11:20:31,0,5,25,
2025-12-12T11:20:32,0,7,57,
2025-12-12T11:20:33,0,4,53,
2025-12-12T11:20:34,0,8,37,
2025-12-12T11:20:35,0,10,31,
2025-12-12T11:20:36,0,10,68,
2025-12-12T11:20:37,0,9,100,
2025-12-12T11:20:38,0,10,14,
2025-12-12T11:20:39,0,9,56,
2025-12-12T11:20:40,0,4,51,
2025-12-12T11:20:41,0,4,83,
2025-12-12T11:20:42,0,9,16,
2025-12-12T11:20:43,0,9,5,
2025-12-12T11:20:44,0,6,18,
2025-12-12T11:20:45,0,5,60,
2025-12-12T11:20:47,0,7,70,
2025-12-12T11:20:48,0,9,94,
2025-12-12T11:20:49,0,9,44,
2025-12-12T11:20:50,0,5,28,
2025-12-12T11:20:51,0,8,77,
2025-12-12T11:21:50,0,7,34,
2025-12-12T11:21:51,0,10,57,
2025-12-12T11:21:52,0,1,48,
2025-12-12T11:21:53,0,0,63,
2025-12-12T11:21:54,0,9,52,
2025-12-12T11:21:55,0,4,23,
2025-12-12T11:21:56,0,5,39,
2025-12-12T11:21:57,0,6,97,
2025-12-12T11:21:58,0,2,4,
2025-12-12T11:21:59,0,2,58,
2025-12-12T11:22:00,0,3,33,
2025-12-12T11:22:01,0,8,82,
2025-12-12T11:22:02,0,1,95,
2025-12-12T11:22:03,0,3,12,
2025-12-12T11:22:04,0,3,1,
2025-12-12T11:22:05,0,5,23,
2025-12-12T11:22:06,0,9,52,
2025-12-12T11:22:07,0,9,0,
2025-12-12T11:22:08,0,3,44,
2025-12-12T11:22:09,0,7,27,
2025-12-12T11:22:10,0,9,53,
2025-12-12T11:22:11,0,10,14,
2025-12-12T11:22:12,0,10,76,
2025-12-12T11:22:13,0,0,27,
2025-12-12T11:22:14,0,8,44,
2025-12-12T11:22:15,0,7,42,
2025-12-12T11:22:16,0,6,24,
2025-12-12T11:22:17,0,9,50,
2025-12-12T11:22:18,0,7,95,
2025-12-12T11:22:19,0,1,40,
2025-12-12T11:22:20,0,5,18,
2025-12-12T11:22:21,0,1,86,
2025-12-12T11:23:02,0,0,7,
2025-12-12T11:23:03,0,6,59,
2025-12-12T11:23:05,0,5,74,
2025-12-12T11:23:06,0,8,24,
2025-12-12T11:23:07,0,6,74,
2025-12-12T11:23:08,0,6,41,
2025-12-12T11:23:09,0,5,32,
2025-12-12T11:23:10,0,2,21,
2025-12-12T11:23:11,0,7,52,
2025-12-12T11:23:12,0,7,30,
2025-12-12T11:23:13,0,7,9,
2025-12-12T11:23:14,0,8,42,
2025-12-12T11:23:15,0,2,12,
2025-12-12T11:23:16,0,2,95,
2025-12-12T11:23:17,0,2,17,
2025-12-12T11:23:18,0,2,22,
2025-12-12T11:23:19,0,3,44,
2025-12-12T11:23:20,0,4,16,
2025-12-12T11:23:22,0,2,25,
2025-12-12T11:23:23,0,7,60,
2025-12-12T11:23:24,0,8,72,
2025-12-12T11:23:25,0,7,54,
2025-12-12T11:23:26,0,2,45,
2025-12-12T11:23:27,0,5,17,
2025-12-12T11:23:28,0,10,77,
2025-12-12T11:23:29,0,7,20,
2025-12-12T11:23:30,0,9,35,
2025-12-12T11:23:31,0,0,62,
2025-12-12T11:23:32,0,1,10,
2025-12-12T11:23:33,0,2,57,
2025-12-12T11:23:34,0,1,73,
2025-12-12T11:23:35,0,6,34,
2025-12-12T11:23:36,0,1,7,
2025-12-12T11:23:37,0,4,17,
2025-12-12T11:23:38,0,10,74,
2025-12-12T11:23:39,0,0,97,
2025-12-12T11:23:40,0,7,48,
2025-12-12T11:23:41,0,2,78,
2025-12-12T11:23:42,0,3,14,
2025-12-12T11:23:43,0,7,40,
2025-12-12T11:23:44,0,0,26,
2025-12-12T11:23:45,0,0,71,
2025-12-12T11:23:46,0,0,13,
2025-12-12T11:23:47,0,0,6,
2025-12-12T11:23:48,0,7,98,
2025-12-12T11:23:49,0,2,78,
2025-12-12T11:23:50,0,1,59,
2025-12-12T11:23:51,0,6,15,
2025-12-12T11:23:52,0,6,86,
2025-12-12T11:23:53,0,4,69,
2025-12-12T11:23:54,0,10,4,
2025-12-12T11:23:55,0,8,72,
2025-12-12T11:23:56,0,5,91,
2025-12-12T11:23:57,0,10,44,
2025-12-12T11:23:58,0,0,23,
2025-12-12T11:23:59,0,8,12,
2025-12-12T11:24:00,0,9,69,
2025-12-12T11:24:01,0,9,58,
2025-12-12T11:24:02,0,10,55,
2025-12-12T11:24:03,0,5,82,
2025-12-12T11:24:04,0,2,94,
2025-12-12T11:24:05,0,0,33,
2025-12-12T11:24:06,0,2,4,
2025-12-12T11:24:07,0,9,98,
2025-12-12T11:24:08,0,0,93,
2025-12-12T11:24:10,0,0,51,
2025-12-12T11:24:11,0,7,69,
2025-12-12T11:24:12,0,5,58,
2025-12-12T11:24:13,0,5,25,
2025-12-12T11:24:14,0,2,97,
2025-12-12T11:24:15,0,6,90,
2025-12-12T11:24:16,0,0,95,
2025-12-12T11:24:17,0,7,56,
2025-12-12T11:24:18,0,8,55,
2025-12-12T11:24:19,0,5,30,
2025-12-12T11:24:20,0,9,24,
2025-12-12T11:24:21,0,0,24,
2025-12-12T11:24:22,0,2,86,
2025-12-12T11:24:23,0,8,62,
2025-12-12T11:24:24,0,1,16,
2025-12-12T11:24:25,0,9,84,
2025-12-12T11:24:26,0,6,16,
2025-12-12T11:24:27,0,1,73,
2025-12-12T11:24:28,0,7,6,
2025-12-12T11:24:29,0,2,82,
2025-12-12T11:24:30,0,0,85,
2025-12-12T11:24:31,0,2,59,
2025-12-12T11:24:32,0,1,50,
2025-12-12T11:24:33,0,4,43,
2025-12-12T11:24:34,0,2,89,
2025-12-12T11:24:35,0,6,38,
2025-12-12T11:24:36,0,6,20,
2025-12-12T11:24:37,0,6,39,
2025-12-12T11:24:38,0,7,8,
2025-12-12T11:24:39,0,7,43,
2025-12-12T11:24:40,0,0,92,
2025-12-12T11:24:41,0,1,98,
2025-12-12T11:24:42,0,6,48,
2025-12-12T11:24:43,0,3,84,
2025-12-12T11:24:44,0,5,46,
2025-12-12T11:24:45,0,9,79,
2025-12-12T11:24:46,0,4,42,
2025-12-12T11:24:47,0,8,35,
2025-12-12T11:24:48,0,4,48,
2025-12-12T11:24:49,0,6,94,
2025-12-12T11:24:50,0,5,6,
2025-12-12T11:24:51,0,3,76,
2025-12-12T11:24:52,0,10,96,
2025-12-12T11:24:53,0,9,3,
2025-12-12T11:24:54,0,10,59,
2025-12-12T11:24:55,0,8,54,
2025-12-12T11:24:56,0,3,38,
2025-12-12T11:24:57,0,10,33,
2025-12-12T11:24:58,0,0,56,
2025-12-12T11:24:59,0,10,30,
2025-12-12T11:25:00,0,4,18,
2025-12-12T11:25:01,0,2,5,
2025-12-12T11:25:02,0,3,5,
2025-12-12T11:25:03,0,1,89,
2025-12-12T11:25:04,0,7,17,
2025-12-12T11:25:05,0,10,29,
2025-12-12T11:25:06,0,0,49,
2025-12-12T11:25:07,0,5,53,
2025-12-12T11:25:08,0,3,34,
2025-12-12T11:25:09,0,8,51,
2025-12-12T11:25:10,0,1,46,
2025-12-12T11:25:11,0,6,37,
2025-12-12T11:25:12,0,5,36,
2025-12-12T11:25:13,0,0,32,
2025-12-12T11:25:14,0,6,32,
2025-12-12T11:25:15,0,10,52,
2025-12-12T11:25:16,0,0,58,
2025-12-12T11:25:17,0,9,95,
2025-12-12T11:25:18,0,7,31,
2025-12-12T11:25:19,0,7,35,
2025-12-12T11:25:20,0,2,55,
2025-12-12T11:25:26,0,1,32,
2025-12-12T11:25:27,0,10,57,
2025-12-12T11:25:28,0,3,84,
2025-12-12T11:25:29,0,5,20,
2025-12-12T11:25:30,0,3,57,
2025-12-12T11:25:31,0,8,20,
2025-12-12T11:25:32,0,10,32,
2025-12-12T11:25:33,0,4,22,
2025-12-12T11:25:34,0,5,32,
2025-12-12T11:25:35,0,4,25,
2025-12-12T11:25:36,0,6,31,
2025-12-12T11:25:37,0,9,14,
2025-12-12T11:25:38,0,7,10,
2025-12-12T11:25:39,0,1,27,
2025-12-12T11:25:40,0,4,68,
2025-12-12T11:25:41,0,10,77,
2025-12-12T11:25:42,0,7,55,
2025-12-12T11:25:43,0,9,35,
2025-12-12T11:25:44,0,1,3,
2025-12-12T11:25:45,0,3,20,
2025-12-12T11:25:46,0,8,22,
2025-12-12T11:25:47,0,0,28,
2025-12-12T11:25:48,0,1,74,
2025-12-12T11:25:49,0,5,67,
2025-12-12T11:25:50,0,2,31,
2025-12-12T11:25:51,0,0,40,
2025-12-12T11:25:52,0,2,89,
2025-12-12T11:25:53,0,3,79,
2025-12-12T11:25:54,0,5,34,
2025-12-12T11:25:55,0,8,38,
2025-12-12T11:25:56,0,7,97,
2025-12-12T11:25:57,0,6,75,
2025-12-12T11:25:58,0,3,28,
2025-12-12T11:25:59,0,8,65,
2025-12-12T11:26:00,0,2,86,
2025-12-12T11:26:01,0,2,8,
2025-12-12T11:26:02,0,6,2,
2025-12-12T11:26:03,0,7,38,
2025-12-12T11:26:04,0,4,93,
2025-12-12T11:26:05,0,10,4,
2025-12-12T11:26:06,0,7,15,
2025-12-12T11:26:07,0,3,97,
2025-12-12T11:26:08,0,6,41,
2025-12-12T11:26:09,0,2,88,
2025-12-12T11:26:10,0,3,100,
2025-12-12T11:26:11,0,6,45,
2025-12-12T11:26:12,0,2,55,
2025-12-12T11:26:13,0,10,68,
2025-12-12T11:26:14,0,10,13,
2025-12-12T11:26:15,0,8,35,
2025-12-12T11:26:16,0,0,26,
2025-12-12T11:26:17,0,10,49,
2025-12-12T11:26:18,0,3,5,
2025-12-12T11:26:19,0,7,23,
2025-12-12T11:26:20,0,5,8,
2025-12-12T11:26:21,0,9,88,
2025-12-12T11:26:22,0,9,90,
2025-12-12T11:26:23,0,5,22,
2025-12-12T11:26:24,0,10,53,
2025-12-12T11:26:25,0,0,76,
2025-12-12T11:26:26,0,5,49,
2025-12-12T11:26:27,0,6,41,
2025-12-12T11:26:28,0,3,46,
2025-12-12T11:26:29,0,1,41,
2025-12-12T11:26:30,0,6,50,
2025-12-12T11:26:31,0,4,56,
2025-12-12T11:26:32,0,2,81,
2025-12-12T11:26:33,0,3,34,
2025-12-12T11:26:34,0,0,34,
2025-12-12T11:26:35,0,2,81,
2025-12-12T11:26:36,0,8,63,
2025-12-12T11:26:37,0,6,47,
2025-12-12T11:26:38,0,1,4,
2025-12-12T11:26:39,0,7,96,
2025-12-12T11:26:40,0,0,70,
2025-12-12T11:26:41,0,2,3,
2025-12-12T11:26:42,0,9,69,
2025-12-12T11:26:43,0,0,78,
2025-12-12T11:26:44,0,7,83,
2025-12-12T11:26:45,0,10,4,
2025-12-12T11:26:46,0,5,10,
2025-12-12T11:26:47,0,10,52,
2025-12-12T11:26:48,0,8,41,
2025-12-12T11:26:49,0,0,32,
2025-12-12T11:26:50,0,4,68,
2025-12-12T11:26:51,0,6,7,
2025-12-12T11:26:52,0,0,64,
2025-12-12T11:26:53,0,3,89,
2025-12-12T11:26:54,0,0,51,
2025-12-12T11:26:55,0,4,82,
2025-12-12T11:26:56,0,5,90,
2025-12-12T11:26:57,0,9,85,
2025-12-12T11:26:58,0,2,2,
2025-12-12T11:26:59,0,1,58,
2025-12-12T11:27:00,0,3,34,
2025-12-12T11:27:01,0,5,87,
2025-12-12T11:27:02,0,5,96,
2025-12-12T11:27:03,0,4,61,
2025-12-12T11:27:04,0,6,75,
2025-12-12T11:27:05,0,3,55,
2025-12-12T11:27:06,0,9,79,
2025-12-12T11:27:07,0,5,74,
2025-12-12T11:27:08,0,7,56,
2025-12-12T11:27:09,0,6,17,
2025-12-12T11:27:10,0,1,1,
2025-12-12T11:27:11,0,2,15,
2025-12-12T11:27:12,0,5,62,
2025-12-12T11:27:13,0,6,46,
2025-12-12T11:27:14,0,3,84,
2025-12-12T11:27:15,0,10,4,
2025-12-12T11:27:16,0,0,65,
2025-12-12T11:27:17,0,2,100,
2025-12-12T11:27:18,0,9,34,
2025-12-12T11:27:19,0,6,89,
2025-12-12T11:27:20,0,1,70,
2025-12-12T11:27:21,0,1,6,
2025-12-12T11:27:22,0,5,69,
2025-12-12T11:27:23,0,7,88,
2025-12-12T11:27:24,0,6,4,
2025-12-12T11:27:25,0,3,52,
2025-12-12T11:27:26,0,3,17,
2025-12-12T11:27:27,0,3,18,
2025-12-12T11:27:28,0,0,92,
2025-12-12T11:27:29,0,2,90,
2025-12-12T11:27:31,0,5,75,
2025-12-12T11:27:32,0,10,27,
2025-12-12T11:27:33,0,3,64,
2025-12-12T11:27:34,0,5,96,
2025-12-12T11:27:35,0,2,38,
2025-12-12T11:27:36,0,4,25,
2025-12-12T11:27:37,0,1,21,
2025-12-12T11:27:38,0,8,32,
2025-12-12T11:27:39,0,2,40,
2025-12-12T11:27:40,0,4,18,
2025-12-12T11:27:41,0,7,10,
2025-12-12T11:27:42,0,4,25,
2025-12-12T11:27:43,0,4,21,
2025-12-12T11:27:44,0,3,63,
2025-12-12T11:27:45,0,6,68,
2025-12-12T11:27:46,0,3,15,
2025-12-12T11:27:47,0,7,46,
2025-12-12T11:27:48,0,7,86,
2025-12-12T11:27:49,0,10,8,
2025-12-12T11:27:50,0,6,16,
2025-12-12T11:27:51,0,7,69,
2025-12-12T11:27:52,0,5,4,
2025-12-12T11:27:53,0,7,11,
2025-12-12T11:27:54,0,3,48,
2025-12-12T11:27:55,0,7,88,
2025-12-12T11:27:56,0,3,75,
2025-12-12T11:27:57,0,7,0,
2025-12-12T11:27:58,0,7,34,
2025-12-12T11:27:59,0,0,54,
2025-12-12T11:28:00,0,6,82,
2025-12-12T11:28:01,0,8,52,
2025-12-12T11:28:02,0,8,6,
2025-12-12T11:28:03,0,6,43,
2025-12-12T11:28:04,0,7,37,
2025-12-12T11:28:05,0,6,39,
2025-12-12T11:28:06,0,2,77,
2025-12-12T11:28:07,0,10,39,
2025-12-12T11:28:08,0,4,91,
2025-12-12T11:28:09,0,1,52,
2025-12-12T11:28:10,0,7,45,
2025-12-12T11:28:11,0,3,98,
2025-12-12T11:28:12,0,8,80,
2025-12-12T11:28:13,0,0,97,
2025-12-12T11:28:14,0,6,33,
2025-12-12T11:28:15,0,2,88,
2025-12-12T11:28:16,0,9,59,
2025-12-12T11:28:17,0,1,72,
2025-12-12T11:28:18,0,1,81,
2025-12-12T11:28:19,0,4,72,
2025-12-12T11:28:20,0,6,92,
2025-12-12T11:28:22,0,1,69,
2025-12-12T11:28:23,0,6,5,
2025-12-12T11:28:24,0,5,46,
2025-12-12T11:28:25,0,9,45,
2025-12-12T11:28:26,0,5,43,
2025-12-12T11:28:27,0,9,92,
2025-12-12T11:28:28,0,1,2,
2025-12-12T11:28:29,0,1,36,
2025-12-12T11:28:30,0,4,48,
2025-12-12T11:28:31,0,7,96,
2025-12-12T11:28:32,0,1,3,
2025-12-12T11:28:33,0,5,24,
2025-12-12T11:28:34,0,8,34,
2025-12-12T11:28:35,0,1,59,
2025-12-12T11:28:36,0,4,34,
2025-12-12T11:28:37,0,5,97,
2025-12-12T11:28:38,0,4,52,
2025-12-12T11:28:39,0,1,69,
2025-12-12T11:28:40,0,0,17,
2025-12-12T11:28:41,0,9,54,
2025-12-12T11:28:42,0,2,68,
2025-12-12T11:28:43,0,5,49,
2025-12-12T11:28:44,0,4,29,
2025-12-12T11:28:45,0,6,86,
2025-12-12T11:28:46,0,5,100,
2025-12-12T11:28:47,0,3,97,
2025-12-12T11:28:48,0,7,77,
2025-12-12T11:28:49,0,0,11,
2025-12-12T11:28:50,0,4,48,
2025-12-12T11:28:51,0,0,27,
2025-12-12T11:28:52,0,3,0,
2025-12-12T11:28:53,0,3,77,
2025-12-12T11:28:54,0,10,72,
2025-12-12T11:28:55,0,4,77,
2025-12-12T11:28:56,0,2,23,
2025-12-12T11:28:57,0,10,51,
2025-12-12T11:28:58,0,5,87,
2025-12-12T11:28:59,0,0,1,
2025-12-12T11:29:00,0,3,50,
2025-12-12T11:29:01,0,1,76,
2025-12-12T11:29:02,0,8,65,
2025-12-12T11:29:03,0,0,42,
2025-12-12T11:29:04,0,6,59,
2025-12-12T11:29:05,0,6,76,
2025-12-12T11:29:06,0,1,20,
2025-12-12T11:29:07,0,2,26,
2025-12-12T11:29:08,0,9,38,
2025-12-12T11:29:09,0,2,44,
2025-12-12T11:29:10,0,0,5,
2025-12-12T11:29:11,0,7,50,
2025-12-12T11:29:12,0,1,4,
2025-12-12T11:29:13,0,10,93,
2025-12-12T11:29:14,0,7,76,
2025-12-12T11:29:15,0,4,78,
2025-12-12T11:29:16,0,5,54,
2025-12-12T11:29:17,0,0,82,
2025-12-12T11:29:18,0,6,48,
2025-12-12T11:29:19,0,7,60,
2025-12-12T11:29:20,0,2,52,
2025-12-12T11:29:21,0,10,32,
2025-12-12T11:29:22,0,1,86,
2025-12-12T11:29:23,0,9,43,
2025-12-12T11:29:24,0,2,95,
2025-12-12T11:29:25,0,6,44,
2025-12-12T11:29:26,0,9,81,
2025-12-12T11:29:27,0,7,86,
2025-12-12T11:29:28,0,4,82,
2025-12-12T11:29:29,0,10,6,
2025-12-12T11:29:30,0,8,61,
2025-12-12T11:29:31,0,8,52,
2025-12-12T11:29:32,0,2,59,
2025-12-12T11:29:33,0,8,99,
2025-12-12T11:29:34,0,3,41,
2025-12-12T11:29:35,0,3,96,
2025-12-12T11:29:36,0,1,78,
2025-12-12T11:29:37,0,8,48,
2025-12-12T11:29:38,0,7,64,
2025-12-12T11:29:39,0,1,1,
2025-12-12T11:29:40,0,10,63,
2025-12-12T11:29:41,0,8,45,
2025-12-12T11:29:42,0,6,29,
2025-12-12T11:29:43,0,0,92,
2025-12-12T11:29:44,0,5,53,
2025-12-12T11:29:45,0,2,43,
2025-12-12T11:29:46,0,5,25,
2025-12-12T11:29:47,0,9,48,
2025-12-12T11:29:48,0,3,99,
2025-12-12T11:29:49,0,8,9,
2025-12-12T11:29:50,0,3,90,
2025-12-12T11:29:51,0,7,75,
2025-12-12T11:29:52,0,3,85,
2025-12-12T11:29:53,0,3,56,
2025-12-12T11:29:54,0,7,66,
2025-12-12T11:29:55,0,3,15,
2025-12-12T11:29:56,0,3,51,
2025-12-12T11:29:57,0,7,74,
2025-12-12T11:29:58,0,7,16,
2025-12-12T11:29:59,0,1,61,
2025-12-12T11:30:00,0,4,26,
2025-12-12T11:30:01,0,7,32,
2025-12-12T11:30:02,0,6,65,
2025-12-12T11:30:03,0,5,92,
2025-12-12T11:30:04,0,10,52,
2025-12-12T11:30:05,0,5,79,
2025-12-12T11:30:06,0,9,89,
2025-12-12T11:30:07,0,2,48,
2025-12-12T11:30:08,0,3,55,
2025-12-12T11:30:09,0,10,50,
2025-12-12T11:30:10,0,7,87,
2025-12-12T11:30:11,0,9,0,
2025-12-12T11:30:12,0,0,52,
2025-12-12T11:30:13,0,3,14,
2025-12-12T11:30:14,0,7,30,
2025-12-12T11:30:15,0,6,48,
2025-12-12T11:30:16,0,9,49,
2025-12-12T11:30:17,0,1,25,
2025-12-12T11:30:18,0,4,63,
2025-12-12T11:30:19,0,10,58,
2025-12-12T11:30:20,0,6,90,
2025-12-12T11:30:22,0,4,23,
2025-12-12T11:30:23,0,4,6,
2025-12-12T11:30:24,0,0,79,
2025-12-12T11:30:25,0,9,66,
2025-12-12T11:30:26,0,0,33,
2025-12-12T11:30:27,0,3,12,
2025-12-12T11:30:28,0,0,91,
2025-12-12T11:30:29,0,9,87,
2025-12-12T11:30:30,0,3,88,
2025-12-12T11:30:31,0,3,2,
2025-12-12T11:30:32,0,8,58,
2025-12-12T11:30:33,0,6,23,
2025-12-12T11:30:34,0,2,25,
2025-12-12T11:30:35,0,4,94,
2025-12-12T11:30:36,0,9,48,
2025-12-12T11:30:37,0,2,12,
2025-12-12T11:30:38,0,1,5,
2025-12-12T11:30:39,0,6,92,
2025-12-12T11:30:40,0,1,60,
2025-12-12T11:30:41,0,10,48,
2025-12-12T11:30:42,0,5,60,
2025-12-12T11:30:43,0,5,84,
2025-12-12T11:30:44,0,5,92,
2025-12-12T11:30:45,0,9,34,
2025-12-12T11:30:46,0,5,99,
2025-12-12T11:30:47,0,2,62,
2025-12-12T11:30:48,0,0,97,
2025-12-12T11:30:49,0,1,76,
2025-12-12T11:30:50,0,1,13,
2025-12-12T11:30:51,0,3,41,
2025-12-12T11:30:52,0,3,56,
2025-12-12T11:30:53,0,4,58,
2025-12-12T11:30:55,0,9,11,
2025-12-12T11:30:56,0,8,82,
2025-12-12T11:30:57,0,1,21,
2025-12-12T11:30:58,0,2,0,
2025-12-12T11:30:59,0,10,25,
2025-12-12T11:31:00,0,0,76,
2025-12-12T11:31:01,0,1,23,
2025-12-12T11:31:02,0,2,17,
2025-12-12T11:31:03,0,10,80,
2025-12-12T11:31:04,0,0,24,
2025-12-12T11:31:05,0,6,4,
2025-12-12T11:31:06,0,2,57,
2025-12-12T11:31:07,0,0,29,
2025-12-12T11:31:08,0,4,30,
2025-12-12T11:31:09,0,8,3,
2025-12-12T11:31:10,0,6,79,
2025-12-12T11:31:11,0,4,83,
2025-12-12T11:31:12,0,3,36,
2025-12-12T11:31:13,0,10,71,
2025-12-12T11:31:14,0,8,56,
2025-12-12T11:31:15,0,7,9,
2025-12-12T11:31:16,0,3,52,
2025-12-12T11:31:17,0,5,88,
2025-12-12T11:31:18,0,0,41,
2025-12-12T11:31:19,0,9,69,
2025-12-12T11:31:20,0,3,77,
2025-12-12T11:31:21,0,2,9,
2025-12-12T11:31:22,0,3,78,
2025-12-12T11:31:23,0,2,54,
2025-12-12T11:31:24,0,9,94,
2025-12-12T11:31:25,0,3,70,
2025-12-12T11:31:26,0,9,56,
2025-12-12T11:31:27,0,6,27,
2025-12-12T11:31:28,0,3,4,
2025-12-12T11:31:29,0,6,60,
2025-12-12T11:31:30,0,0,17,
2025-12-12T11:31:31,0,4,38,
2025-12-12T11:31:32,0,4,64,
2025-12-12T11:31:33,0,1,42,
2025-12-12T11:31:34,0,2,7,
2025-12-12T11:31:35,0,2,87,
2025-12-12T11:31:36,0,9,62,
2025-12-12T11:31:37,0,5,5,
2025-12-12T11:31:38,0,6,35,
2025-12-12T11:31:39,0,6,19,
2025-12-12T11:31:40,0,1,32,
2025-12-12T11:31:41,0,10,58,
2025-12-12T11:31:42,0,7,57,
2025-12-12T11:31:43,0,7,44,
2025-12-12T11:31:44,0,10,21,
2025-12-12T11:31:45,0,4,25,
2025-12-12T11:31:46,0,4,29,
2025-12-12T11:31:47,0,10,29,
2025-12-12T11:31:48,0,1,79,
2025-12-12T11:31:49,0,10,23,
2025-12-12T11:31:50,0,7,62,
2025-12-12T11:31:51,0,8,52,
2025-12-12T11:31:52,0,6,74,
2025-12-12T11:31:53,0,9,98,
2025-12-12T11:31:54,0,6,64,
2025-12-12T11:31:55,0,8,45,
2025-12-12T11:31:56,0,3,24,
2025-12-12T11:31:57,0,1,45,
2025-12-12T11:31:58,0,3,48,
2025-12-12T11:31:59,0,2,7,
2025-12-12T11:32:00,0,2,63,
2025-12-12T11:32:01,0,4,10,
2025-12-12T11:32:02,0,10,98,
2025-12-12T11:32:03,0,4,40,
2025-12-12T11:32:04,0,4,78,
2025-12-12T11:32:05,0,9,12,
2025-12-12T11:32:06,0,3,53,
2025-12-12T11:32:07,0,7,92,
2025-12-12T11:32:08,0,2,1,
2025-12-12T11:32:09,0,9,9,
2025-12-12T11:32:10,0,6,2,
2025-12-12T11:32:11,0,0,4,
2025-12-12T11:32:12,0,8,80,
2025-12-12T11:32:13,0,4,62,
2025-12-12T11:32:14,0,6,7,
2025-12-12T11:32:15,0,2,73,
2025-12-12T11:32:16,0,6,47,
2025-12-12T11:32:17,0,5,5,
2025-12-12T11:32:18,0,0,28,
2025-12-12T11:32:19,0,10,69,
2025-12-12T11:32:20,0,3,92,
2025-12-12T11:32:23,0,10,2,
2025-12-12T11:32:24,0,6,4,
2025-12-12T11:32:25,0,1,31,
2025-12-12T11:32:26,0,8,15,
2025-12-12T11:32:27,0,1,47,
2025-12-12T11:32:28,0,4,67,
2025-12-12T11:32:29,0,4,78,
2025-12-12T11:32:30,0,10,100,
2025-12-12T11:32:31,0,2,41,
2025-12-12T11:32:32,0,2,58,
2025-12-12T11:32:33,0,4,88,
2025-12-12T11:32:34,0,9,56,
2025-12-12T11:32:35,0,10,28,
2025-12-12T11:32:36,0,0,4,
2025-12-12T11:32:37,0,10,30,
2025-12-12T11:32:38,0,10,77,
2025-12-12T11:32:39,0,8,36,
2025-12-12T11:32:40,0,8,87,
2025-12-12T11:32:41,0,4,18,
2025-12-12T11:32:42,0,10,90,
2025-12-12T11:32:43,0,4,20,
2025-12-12T11:32:44,0,7,23,
2025-12-12T11:32:45,0,3,18,
2025-12-12T11:32:46,0,5,99,
2025-12-12T11:32:47,0,0,59,
2025-12-12T11:32:48,0,1,64,
2025-12-12T11:32:49,0,5,51,
2025-12-12T11:32:50,0,5,78,
2025-12-12T11:32:51,0,5,97,
2025-12-12T11:32:52,0,0,15,
2025-12-12T11:32:53,0,9,33,
2025-12-12T11:32:54,0,3,83,
2025-12-12T11:32:55,0,5,29,
2025-12-12T11:32:56,0,1,41,
2025-12-12T11:32:57,0,0,14,
2025-12-12T11:32:58,0,10,92,
2025-12-12T11:32:59,0,1,88,
2025-12-12T11:33:00,0,4,67,
2025-12-12T11:33:01,0,1,87,
2025-12-12T11:33:02,0,3,70,
2025-12-12T11:33:03,0,9,61,
2025-12-12T11:33:04,0,0,57,
2025-12-12T11:33:05,0,4,24,
2025-12-12T11:33:06,0,4,89,
2025-12-12T11:33:07,0,8,100,
2025-12-12T11:33:08,0,4,21,
2025-12-12T11:33:09,0,8,68,
2025-12-12T11:33:10,0,6,36,
2025-12-12T11:33:11,0,3,11,
2025-12-12T11:33:12,0,4,34,
2025-12-12T11:33:13,0,6,57,
2025-12-12T11:33:14,0,4,7,
2025-12-12T11:33:15,0,0,70,
2025-12-12T11:33:16,0,10,87,
2025-12-12T11:33:17,0,9,61,
2025-12-12T11:33:18,0,2,32,
2025-12-12T11:33:19,0,1,67,
2025-12-12T11:33:20,0,8,97,
2025-12-12T11:33:23,0,5,34,
2025-12-12T11:33:24,0,0,19,
2025-12-12T11:33:25,0,4,83,
2025-12-12T11:33:26,0,7,55,
2025-12-12T11:33:27,0,1,66,
2025-12-12T11:33:28,0,3,13,
2025-12-12T11:33:29,0,8,100,
2025-12-12T11:33:30,0,4,21,
2025-12-12T11:33:31,0,6,95,
2025-12-12T11:33:32,0,4,80,
2025-12-12T11:33:33,0,4,81,
2025-12-12T11:33:34,0,7,27,
2025-12-12T11:33:35,0,9,79,
2025-12-12T11:33:36,0,9,61,
2025-12-12T11:33:37,0,2,23,
2025-12-12T11:33:38,0,8,11,
2025-12-12T11:33:39,0,1,46,
2025-12-12T11:33:40,0,4,60,
2025-12-12T11:33:41,0,4,73,
2025-12-12T11:33:42,0,10,40,
2025-12-12T11:33:43,0,6,87,
2025-12-12T11:33:44,0,6,31,
2025-12-12T11:33:45,0,2,97,
2025-12-12T11:33:46,0,4,82,
2025-12-12T11:33:47,0,6,87,
2025-12-12T11:33:48,0,4,47,
2025-12-12T11:33:49,0,2,54,
2025-12-12T11:33:50,0,0,89,
2025-12-12T11:33:51,0,10,93,
2025-12-12T11:33:52,0,9,58,
2025-12-12T11:33:53,0,0,56,
2025-12-12T11:33:54,0,10,71,
2025-12-12T11:33:55,0,4,77,
2025-12-12T11:33:56,0,0,2,
2025-12-12T11:33:57,0,3,87,
2025-12-12T11:33:58,0,1,54,
2025-12-12T11:33:59,0,1,43,
2025-12-12T11:34:00,0,9,87,
2025-12-12T11:34:01,0,10,88,
2025-12-12T11:34:02,0,1,5,
2025-12-12T11:34:03,0,8,50,
2025-12-12T11:34:04,0,3,49,
2025-12-12T11:34:05,0,2,68,
2025-12-12T11:34:06,0,7,61,
2025-12-12T11:34:07,0,4,45,
2025-12-12T11:34:08,0,7,5,
2025-12-12T11:34:09,0,5,1,
2025-12-12T11:34:10,0,7,57,
2025-12-12T11:34:11,0,9,18,
2025-12-12T11:34:12,0,0,55,
2025-12-12T11:34:13,0,8,30,
2025-12-12T11:34:14,0,5,95,
2025-12-12T11:34:15,0,4,58,
2025-12-12T11:34:16,0,0,64,
2025-12-12T11:34:17,0,4,6,
2025-12-12T11:34:18,0,6,79,
2025-12-12T11:34:19,0,7,42,
2025-12-12T11:34:20,0,1,73,
2025-12-12T11:34:22,0,2,15,
2025-12-12T11:34:23,0,5,18,
2025-12-12T11:34:24,0,6,44,
2025-12-12T11:34:25,0,8,40,
2025-12-12T11:34:26,0,3,53,
2025-12-12T11:34:27,0,7,64,
2025-12-12T11:34:28,0,7,79,
2025-12-12T11:34:29,0,10,60,
2025-12-12T11:34:30,0,8,82,
2025-12-12T11:34:31,0,4,0,
2025-12-12T11:34:32,0,8,7,
2025-12-12T11:34:33,0,3,55,
2025-12-12T11:34:34,0,3,35,
2025-12-12T11:34:35,0,5,27,
2025-12-12T11:34:36,0,7,89,
2025-12-12T11:34:37,0,9,39,
2025-12-12T11:34:38,0,4,8,
2025-12-12T11:34:39,0,6,10,
2025-12-12T11:34:40,0,8,66,
2025-12-12T11:34:41,0,10,47,
2025-12-12T11:34:42,0,7,10,
2025-12-12T11:34:43,0,2,8,
2025-12-12T11:34:44,0,9,44,
2025-12-12T11:34:45,0,9,83,
2025-12-12T11:34:46,0,7,5,
2025-12-12T11:34:47,0,2,59,
2025-12-12T11:34:48,0,4,50,
2025-12-12T11:34:49,0,3,12,
2025-12-12T11:34:50,0,7,75,
2025-12-12T11:34:51,0,6,64,
2025-12-12T11:34:52,0,9,98,
2025-12-12T11:34:53,0,9,84,
2025-12-12T11:34:54,0,6,35,
2025-12-12T11:34:55,0,10,96,
2025-12-12T11:34:56,0,8,2,
2025-12-12T11:34:57,0,9,18,
2025-12-12T11:34:58,0,4,45,
2025-12-12T11:34:59,0,5,42,
2025-12-12T11:35:00,0,3,37,
2025-12-12T11:35:01,0,7,71,
2025-12-12T11:35:02,0,1,78,
2025-12-12T11:35:03,0,9,5,
2025-12-12T11:35:04,0,4,11,
2025-12-12T11:35:05,0,3,96,
2025-12-12T11:35:06,0,8,35,
2025-12-12T11:35:07,0,1,45,
2025-12-12T11:35:08,0,3,96,
2025-12-12T11:35:09,0,3,45,
2025-12-12T11:35:10,0,5,82,
2025-12-12T11:35:11,0,10,49,
2025-12-12T11:35:12,0,10,10,
2025-12-12T11:35:13,0,0,7,
2025-12-12T11:35:14,0,9,49,
2025-12-12T11:35:15,0,7,6,
2025-12-12T11:35:16,0,8,67,
2025-12-12T11:35:17,0,9,34,
2025-12-12T11:35:18,0,1,100,
2025-12-12T11:35:19,0,0,7,
2025-12-12T11:35:20,0,5,86,
2025-12-12T11:35:21,0,5,7,
2025-12-12T11:35:22,0,7,3,
2025-12-12T11:35:23,0,3,34,
2025-12-12T11:35:24,0,6,3,
2025-12-12T11:35:25,0,4,8,
2025-12-12T11:35:26,0,0,67,
2025-12-12T11:35:27,0,8,88,
2025-12-12T11:35:28,0,4,48,
2025-12-12T11:35:29,0,9,77,
2025-12-12T11:35:30,0,9,61,
2025-12-12T11:35:31,0,7,6,
2025-12-12T11:35:32,0,8,73,
2025-12-12T11:35:33,0,4,67,
2025-12-12T11:35:35,0,7,11,
2025-12-12T11:35:36,0,3,17,
2025-12-12T11:35:37,0,8,24,
2025-12-12T11:35:38,0,7,7,
2025-12-12T11:35:39,0,9,35,
2025-12-12T11:35:40,0,4,47,
2025-12-12T11:35:41,0,3,49,
2025-12-12T11:35:42,0,4,43,
2025-12-12T11:35:43,0,1,80,
2025-12-12T11:35:44,0,0,54,
2025-12-12T11:35:45,0,4,38,
2025-12-12T11:35:46,0,1,25,
2025-12-12T11:35:47,0,1,68,
2025-12-12T11:35:48,0,1,88,
2025-12-12T11:35:49,0,6,13,
2025-12-12T11:35:50,0,1,81,
2025-12-12T11:35:51,0,4,24,
2025-12-12T11:35:52,0,7,53,
2025-12-12T11:35:53,0,8,67,
2025-12-12T11:35:54,0,4,9,
2025-12-12T11:35:55,0,4,56,
2025-12-12T11:35:56,0,7,5,
2025-12-12T11:35:57,0,6,24,
2025-12-12T11:35:58,0,7,66,
2025-12-12T11:35:59,0,3,95,
2025-12-12T11:36:00,0,3,57,
2025-12-12T11:36:01,0,3,17,
2025-12-12T11:36:02,0,0,15,
2025-12-12T11:36:03,0,7,33,
2025-12-12T11:36:04,0,6,39,
2025-12-12T11:36:05,0,6,19,
2025-12-12T11:36:06,0,10,74,
2025-12-12T11:36:07,0,5,54,
2025-12-12T11:36:08,0,5,100,
2025-12-12T11:36:09,0,8,71,
2025-12-12T11:36:10,0,10,46,
2025-12-12T11:36:11,0,2,7,
2025-12-12T11:36:12,0,7,3,
2025-12-12T11:36:13,0,9,53,
2025-12-12T11:36:14,0,1,56,
2025-12-12T11:36:15,0,5,94,
2025-12-12T11:36:16,0,0,93,
2025-12-12T11:36:17,0,7,18,
2025-12-12T11:36:18,0,2,62,
2025-12-12T11:36:19,0,7,56,
2025-12-12T11:36:20,0,6,61,
2025-12-12T11:36:21,0,7,7,
2025-12-12T11:36:22,0,1,88,
2025-12-12T11:36:23,0,9,84,
2025-12-12T11:36:24,0,3,52,
2025-12-12T11:36:25,0,0,40,
2025-12-12T11:36:26,0,0,37,
2025-12-12T11:36:27,0,6,42,
2025-12-12T11:36:28,0,3,26,
2025-12-12T11:36:29,0,8,41,
2025-12-12T11:36:30,0,8,26,
2025-12-12T11:36:31,0,5,75,
2025-12-12T11:36:32,0,8,99,
2025-12-12T11:36:33,0,4,62,
2025-12-12T11:36:34,0,4,59,
2025-12-12T11:36:35,0,3,53,
2025-12-12T11:36:36,0,9,60,
2025-12-12T11:36:37,0,5,78,
2025-12-12T11:36:38,0,5,70,
2025-12-12T11:36:39,0,8,35,
2025-12-12T11:36:40,0,1,69,
2025-12-12T11:36:41,0,10,1,
2025-12-12T11:36:42,0,7,99,
2025-12-12T11:36:43,0,2,60,
2025-12-12T11:36:44,0,5,62,
2025-12-12T11:36:45,0,5,26,
2025-12-12T11:36:46,0,0,59,
2025-12-12T11:36:47,0,0,93,
2025-12-12T11:36:48,0,6,81,
2025-12-12T11:36:50,0,1,66,
2025-12-12T11:36:51,0,2,3,
2025-12-12T11:36:52,0,10,52,
2025-12-12T11:36:53,0,3,66,
2025-12-12T11:36:54,0,6,17,
2025-12-12T11:36:55,0,6,44,
2025-12-12T11:36:56,0,1,76,
2025-12-12T11:36:57,0,5,1,
2025-12-12T11:36:58,0,3,25,
2025-12-12T11:36:59,0,0,38,
2025-12-12T11:37:00,0,10,53,
2025-12-12T11:37:01,0,9,81,
2025-12-12T11:37:02,0,8,77,
2025-12-12T11:37:03,0,9,37,
2025-12-12T11:37:04,0,2,51,
2025-12-12T11:37:05,0,9,79,
2025-12-12T11:37:06,0,5,63,
2025-12-12T11:37:07,0,9,84,
2025-12-12T11:37:08,0,1,2,
2025-12-12T11:37:09,0,2,39,
2025-12-12T11:37:10,0,7,51,
2025-12-12T11:37:11,0,6,70,
2025-12-12T11:37:12,0,8,4,
2025-12-12T11:37:13,0,6,13,
2025-12-12T11:37:14,0,4,48,
2025-12-12T11:37:15,0,9,31,
2025-12-12T11:37:16,0,3,56,
2025-12-12T11:37:17,0,1,95,
2025-12-12T11:37:18,0,10,2,
2025-12-12T11:37:19,0,4,65,
2025-12-12T11:37:20,0,1,18,
2025-12-12T11:37:25,0,9,47,
2025-12-12T11:37:26,0,9,64,
2025-12-12T11:37:27,0,0,99,
2025-12-12T11:37:28,0,9,1,
2025-12-12T11:37:29,0,4,0,
2025-12-12T11:37:30,0,6,36,
2025-12-12T11:37:31,0,7,28,
2025-12-12T11:37:32,0,7,27,
2025-12-12T11:37:33,0,9,14,
2025-12-12T11:37:34,0,5,1,
2025-12-12T11:37:35,0,1,96,
2025-12-12T11:37:36,0,7,81,
2025-12-12T11:37:37,0,4,45,
2025-12-12T11:37:38,0,2,22,
2025-12-12T11:37:39,0,3,23,
2025-12-12T11:37:40,0,9,52,
2025-12-12T11:37:41,0,1,48,
2025-12-12T11:37:42,0,0,9,
2025-12-12T11:37:43,0,3,25,
2025-12-12T11:37:44,0,3,24,
2025-12-12T11:37:45,0,5,95,
2025-12-12T11:37:46,0,8,74,
2025-12-12T11:37:47,0,3,83,
2025-12-12T11:37:48,0,6,10,
2025-12-12T11:37:49,0,3,95,
2025-12-12T11:37:50,0,2,1,
2025-12-12T11:37:51,0,8,82,
2025-12-12T11:37:52,0,2,37,
2025-12-12T11:37:53,0,2,87,
2025-12-12T11:37:54,0,6,40,
2025-12-12T11:37:55,0,7,76,
2025-12-12T11:37:56,0,2,51,
2025-12-12T11:37:57,0,2,65,
2025-12-12T11:37:58,0,3,81,
2025-12-12T11:37:59,0,7,24,
2025-12-12T11:38:00,0,1,44,
2025-12-12T11:38:01,0,3,91,
2025-12-12T11:38:02,0,6,22,
2025-12-12T11:38:03,0,9,75,
2025-12-12T11:38:04,0,10,15,
2025-12-12T11:38:05,0,8,63,
2025-12-12T11:38:06,0,8,52,
2025-12-12T11:38:07,0,7,3,
2025-12-12T11:38:08,0,2,42,
2025-12-12T11:38:09,0,10,10,
2025-12-12T11:38:10,0,0,39,
2025-12-12T11:38:11,0,10,57,
2025-12-12T11:38:12,0,2,34,
2025-12-12T11:38:13,0,5,89,
2025-12-12T11:38:14,0,10,81,
2025-12-12T11:38:15,0,4,82,
2025-12-12T11:38:16,0,1,88,
2025-12-12T11:38:17,0,7,60,
2025-12-12T11:38:18,0,4,17,
2025-12-12T11:38:19,0,9,63,
2025-12-12T11:38:20,0,2,46,
2025-12-12T11:38:22,0,8,38,
2025-12-12T11:38:23,0,6,81,
2025-12-12T11:38:24,0,7,82,
2025-12-12T11:38:25,0,0,76,
2025-12-12T11:38:26,0,1,29,
2025-12-12T11:38:27,0,0,92,
2025-12-12T11:38:28,0,5,30,
2025-12-12T11:38:29,0,1,48,
2025-12-12T11:38:30,0,5,29,
2025-12-12T11:38:31,0,8,5,
2025-12-12T11:38:32,0,3,90,
2025-12-12T11:38:33,0,6,2,
2025-12-12T11:38:34,0,4,67,
2025-12-12T11:38:35,0,6,9,
2025-12-12T11:38:36,0,5,43,
2025-12-12T11:38:37,0,6,70,
2025-12-12T11:38:38,0,8,51,
2025-12-12T11:38:39,0,4,39,
2025-12-12T11:38:40,0,1,9,
2025-12-12T11:38:41,0,10,40,
2025-12-12T11:38:42,0,7,36,
2025-12-12T11:38:43,0,8,89,
2025-12-12T11:38:44,0,9,99,
2025-12-12T11:38:45,0,2,15,
2025-12-12T11:38:46,0,4,61,
2025-12-12T11:38:47,0,9,17,
2025-12-12T11:38:48,0,9,79,
2025-12-12T11:38:49,0,9,69,
2025-12-12T11:38:50,0,6,83,
2025-12-12T11:38:51,0,10,35,
2025-12-12T11:38:52,0,9,32,
2025-12-12T11:38:53,0,9,77,
2025-12-12T11:38:54,0,4,49,
2025-12-12T11:38:55,0,9,93,
2025-12-12T11:38:56,0,6,58,
2025-12-12T11:38:57,0,6,27,
2025-12-12T11:38:58,0,0,27,
2025-12-12T11:38:59,0,9,23,
2025-12-12T11:39:00,0,9,1,
2025-12-12T11:39:01,0,3,48,
2025-12-12T11:39:02,0,5,82,
2025-12-12T11:39:03,0,7,19,
2025-12-12T11:39:04,0,0,50,
2025-12-12T11:39:05,0,6,14,
2025-12-12T11:39:06,0,10,81,
2025-12-12T11:39:07,0,7,28,
2025-12-12T11:39:08,0,5,75,
2025-12-12T11:39:09,0,3,69,
2025-12-12T11:39:10,0,0,97,
2025-12-12T11:39:11,0,9,77,
2025-12-12T11:39:12,0,2,55,
2025-12-12T11:39:13,0,1,55,
2025-12-12T11:39:14,0,5,86,
2025-12-12T11:39:15,0,5,64,
2025-12-12T11:39:16,0,2,99,
2025-12-12T11:39:17,0,3,59,
2025-12-12T11:39:18,0,7,14,
2025-12-12T11:39:19,0,9,9,
2025-12-12T11:39:20,0,8,26,
2025-12-12T11:39:28,0,1,39,
2025-12-12T11:39:29,0,3,57,
2025-12-12T11:39:30,0,2,28,
2025-12-12T11:39:31,0,8,100,
2025-12-12T11:39:32,0,8,28,
2025-12-12T11:39:33,0,4,59,
2025-12-12T11:39:34,0,8,97,
2025-12-12T11:39:35,0,2,31,
2025-12-12T11:39:36,0,5,19,
2025-12-12T11:39:37,0,7,71,
2025-12-12T11:39:38,0,2,69,
2025-12-12T11:39:39,0,7,53,
2025-12-12T11:39:40,0,8,8,
2025-12-12T11:39:41,0,8,61,
2025-12-12T11:39:42,0,9,97,
2025-12-12T11:39:43,0,9,3,
2025-12-12T11:39:44,0,1,76,
2025-12-12T11:39:45,0,0,40,
2025-12-12T11:39:46,0,8,15,
2025-12-12T11:39:47,0,6,4,
2025-12-12T11:39:48,0,4,78,
2025-12-12T11:39:49,0,9,61,
2025-12-12T11:39:50,0,1,51,
2025-12-12T11:39:51,0,4,23,
2025-12-12T11:39:52,0,6,16,
2025-12-12T11:39:53,0,6,74,
2025-12-12T11:39:54,0,3,47,
2025-12-12T11:39:55,0,9,42,
2025-12-12T11:39:56,0,0,42,
2025-12-12T11:39:57,0,0,71,
2025-12-12T11:39:58,0,4,7,
2025-12-12T11:39:59,0,7,97,
2025-12-12T11:40:00,0,9,95,
2025-12-12T11:40:01,0,10,78,
2025-12-12T11:40:02,0,3,72,
2025-12-12T11:40:03,0,9,63,
2025-12-12T11:40:04,0,8,99,
2025-12-12T11:40:05,0,0,42,
2025-12-12T11:40:06,0,1,70,
2025-12-12T11:40:07,0,4,84,
2025-12-12T11:40:08,0,9,35,
2025-12-12T11:40:09,0,3,83,
2025-12-12T11:40:10,0,6,62,
2025-12-12T11:40:11,0,7,79,
2025-12-12T11:40:12,0,6,21,
2025-12-12T11:40:13,0,7,0,
2025-12-12T11:40:14,0,5,2,
2025-12-12T11:40:15,0,5,15,
2025-12-12T11:40:16,0,3,43,
2025-12-12T11:40:17,0,1,56,
2025-12-12T11:40:18,0,2,52,
2025-12-12T11:40:19,0,7,90,
2025-12-12T11:40:20,0,6,33,
2025-12-12T11:40:22,0,7,66,
2025-12-12T11:40:23,0,6,29,
2025-12-12T11:40:24,0,9,10,
2025-12-12T11:40:25,0,2,48,
2025-12-12T11:40:26,0,3,74,
2025-12-12T11:40:27,0,9,98,
2025-12-12T11:40:28,0,6,94,
2025-12-12T11:40:29,0,7,30,
2025-12-12T11:40:30,0,8,14,
2025-12-12T11:40:31,0,5,64,
2025-12-12T11:40:32,0,2,70,
2025-12-12T11:40:33,0,3,77,
2025-12-12T11:40:34,0,5,83,
2025-12-12T11:40:35,0,3,28,
2025-12-12T11:40:36,0,2,24,
2025-12-12T11:40:37,0,3,53,
2025-12-12T11:40:38,0,5,54,
2025-12-12T11:40:39,0,6,2,
2025-12-12T11:40:40,0,8,91,
2025-12-12T11:40:41,0,0,93,
2025-12-12T11:40:42,0,9,60,
2025-12-12T11:40:43,0,9,42,
2025-12-12T11:40:44,0,1,69,
2025-12-12T11:40:45,0,7,10,
2025-12-12T11:40:46,0,8,79,
2025-12-12T11:40:47,0,7,43,
2025-12-12T11:40:48,0,1,53,
2025-12-12T11:40:49,0,6,47,
2025-12-12T11:40:50,0,0,87,
2025-12-12T11:40:51,0,9,91,
2025-12-12T11:40:52,0,5,51,
2025-12-12T11:40:53,0,3,2,
2025-12-12T11:40:54,0,6,33,
2025-12-12T11:40:55,0,4,98,
2025-12-12T11:40:56,0,0,70,
2025-12-12T11:40:57,0,8,4,
2025-12-12T11:40:58,0,8,91,
2025-12-12T11:40:59,0,2,47,
2025-12-12T11:41:00,0,9,14,
2025-12-12T11:41:01,0,8,28,
2025-12-12T11:41:02,0,0,75,
2025-12-12T11:41:03,0,8,1,
2025-12-12T11:41:04,0,0,9,
2025-12-12T11:41:05,0,9,49,
2025-12-12T11:41:06,0,6,49,
2025-12-12T11:41:07,0,5,99,
2025-12-12T11:41:08,0,0,91,
2025-12-12T11:41:09,0,2,53,
2025-12-12T11:41:10,0,7,86,
2025-12-12T11:41:11,0,2,56,
2025-12-12T11:41:12,0,3,1,
2025-12-12T11:41:13,0,7,2,
2025-12-12T11:41:14,0,7,76,
2025-12-12T11:41:15,0,8,93,
2025-12-12T11:41:16,0,1,2,
2025-12-12T11:41:17,0,8,71,
2025-12-12T11:41:18,0,4,0,
2025-12-12T11:41:19,0,1,98,
2025-12-12T11:41:20,0,4,85,
2025-12-12T11:41:22,0,8,59,
2025-12-12T11:41:23,0,9,94,
2025-12-12T11:41:24,0,6,40,
2025-12-12T11:41:25,0,10,25,
2025-12-12T11:41:26,0,8,13,
2025-12-12T11:41:27,0,2,94,
2025-12-12T11:41:28,0,10,0,
2025-12-12T11:41:29,0,9,5,
2025-12-12T11:41:30,0,1,48,
2025-12-12T11:41:31,0,9,90,
2025-12-12T11:41:32,0,4,23,
2025-12-12T11:41:33,0,1,20,
2025-12-12T11:41:34,0,8,35,
2025-12-12T11:41:35,0,2,98,
2025-12-12T11:41:36,0,8,45,
2025-12-12T11:41:37,0,7,61,
2025-12-12T11:41:38,0,5,86,
2025-12-12T11:41:39,0,5,87,
2025-12-12T11:41:40,0,5,85,
2025-12-12T11:41:41,0,9,16,
2025-12-12T11:41:42,0,3,27,
2025-12-12T11:41:43,0,5,17,
2025-12-12T11:41:44,0,1,79,
2025-12-12T11:41:45,0,4,73,
2025-12-12T11:41:46,0,7,74,
2025-12-12T11:41:47,0,9,10,
2025-12-12T11:41:48,0,10,34,
2025-12-12T11:41:49,0,7,50,
2025-12-12T11:41:50,0,6,11,
2025-12-12T11:41:51,0,6,4,
2025-12-12T11:41:52,0,4,70,
2025-12-12T11:41:53,0,8,45,
2025-12-12T11:41:54,0,3,69,
2025-12-12T11:41:55,0,8,20,
2025-12-12T11:41:56,0,7,74,
2025-12-12T11:41:57,0,4,87,
2025-12-12T11:41:58,0,10,75,
2025-12-12T11:41:59,0,1,2,
2025-12-12T11:42:00,0,10,83,
2025-12-12T11:42:01,0,10,31,
2025-12-12T11:42:02,0,2,79,
2025-12-12T11:42:03,0,0,75,
2025-12-12T11:42:04,0,3,76,
2025-12-12T11:42:05,0,3,25,
2025-12-12T11:42:06,0,9,64,
2025-12-12T11:42:07,0,2,1,
2025-12-12T11:42:08,0,2,81,
2025-12-12T11:42:09,0,1,39,
2025-12-12T11:42:10,0,0,6,
2025-12-12T11:42:11,0,1,62,
2025-12-12T11:42:12,0,8,80,
2025-12-12T11:42:13,0,5,26,
2025-12-12T11:42:14,0,10,19,
2025-12-12T11:42:15,0,2,43,
2025-12-12T11:42:16,0,3,47,
2025-12-12T11:42:17,0,9,23,
2025-12-12T11:42:18,0,8,27,
2025-12-12T11:42:19,0,6,49,
2025-12-12T11:42:20,0,9,73,
2025-12-12T11:42:21,0,9,69,
2025-12-12T11:42:22,0,8,48,
2025-12-12T11:42:23,0,5,77,
2025-12-12T11:42:24,0,0,35,
2025-12-12T11:42:25,0,0,6,
2025-12-12T11:42:26,0,8,11,
2025-12-12T11:42:27,0,5,84,
2025-12-12T11:42:28,0,10,87,
2025-12-12T11:42:29,0,5,19,
2025-12-12T11:42:30,0,8,4,
2025-12-12T11:42:31,0,9,10,
2025-12-12T11:42:32,0,7,69,
2025-12-12T11:42:33,0,1,57,
2025-12-12T11:42:34,0,10,74,
2025-12-12T11:42:35,0,0,95,
2025-12-12T11:42:36,0,8,39,
2025-12-12T11:42:37,0,0,41,
2025-12-12T11:42:38,0,1,72,
2025-12-12T11:42:39,0,4,86,
2025-12-12T11:42:40,0,3,84,
2025-12-12T11:42:41,0,10,39,
2025-12-12T11:42:42,0,3,4,
2025-12-12T11:42:43,0,8,19,
2025-12-12T11:42:44,0,10,33,
2025-12-12T11:42:45,0,2,71,
2025-12-12T11:42:46,0,6,62,
2025-12-12T11:42:47,0,4,49,
2025-12-12T11:42:48,0,6,44,
2025-12-12T11:42:49,0,7,54,
2025-12-12T11:42:50,0,7,88,
2025-12-12T11:42:51,0,0,21,
2025-12-12T11:42:52,0,9,49,
2025-12-12T11:42:53,0,3,18,
2025-12-12T11:42:54,0,8,25,
2025-12-12T11:42:55,0,6,6,
2025-12-12T11:42:56,0,4,28,
2025-12-12T11:42:57,0,3,27,
2025-12-12T11:42:58,0,10,80,
2025-12-12T11:42:59,0,7,19,
2025-12-12T11:43:00,0,4,2,
2025-12-12T11:43:01,0,10,34,
2025-12-12T11:43:02,0,8,0,
2025-12-12T11:43:03,0,5,76,
2025-12-12T11:43:04,0,8,40,
2025-12-12T11:43:05,0,0,77,
2025-12-12T11:43:06,0,6,45,
2025-12-12T11:43:07,0,0,94,
2025-12-12T11:43:08,0,5,42,
2025-12-12T11:43:09,0,7,64,
2025-12-12T11:43:10,0,5,79,
2025-12-12T11:43:11,0,4,31,
2025-12-12T11:43:12,0,3,8,
2025-12-12T11:43:13,0,7,59,
2025-12-12T11:43:14,0,10,97,
2025-12-12T11:43:15,0,1,98,
2025-12-12T11:43:16,0,4,34,
2025-12-12T11:43:18,0,7,30,
2025-12-12T11:43:19,0,5,100,
2025-12-12T11:43:20,0,1,14,
2025-12-12T11:43:21,0,1,74,
2025-12-12T11:43:22,0,2,88,
2025-12-12T11:43:23,0,7,37,
2025-12-12T11:43:24,0,5,71,
2025-12-12T11:43:25,0,7,7,
2025-12-12T11:43:26,0,0,15,
2025-12-12T11:43:27,0,4,20,
2025-12-12T11:43:28,0,8,4,
2025-12-12T11:43:29,0,8,51,
2025-12-12T11:43:30,0,8,51,
2025-12-12T11:43:31,0,8,31,
2025-12-12T11:43:32,0,5,61,
2025-12-12T11:43:33,0,1,96,
2025-12-12T11:43:34,0,4,65,
2025-12-12T11:43:35,0,4,94,
2025-12-12T11:43:36,0,6,92,
2025-12-12T11:43:37,0,2,85,
2025-12-12T11:43:38,0,4,14,
2025-12-12T11:43:39,0,3,74,
2025-12-12T11:43:40,0,6,47,
2025-12-12T11:43:41,0,10,97,
2025-12-12T11:43:42,0,5,37,
2025-12-12T11:43:43,0,8,69,
2025-12-12T11:43:44,0,2,26,
2025-12-12T11:43:45,0,1,67,
2025-12-12T11:43:46,0,5,95,
2025-12-12T11:43:47,0,1,93,
2025-12-12T11:43:48,0,4,16,
2025-12-12T11:43:49,0,4,23,
2025-12-12T11:43:50,0,10,64,
2025-12-12T11:43:51,0,2,59,
2025-12-12T11:43:52,0,7,73,
2025-12-12T11:43:53,0,7,34,
2025-12-12T11:43:54,0,8,7,
2025-12-12T11:43:55,0,1,99,
2025-12-12T11:43:56,0,2,11,
2025-12-12T11:43:57,0,7,45,
2025-12-12T11:43:58,0,1,71,
2025-12-12T11:43:59,0,4,47,
2025-12-12T11:44:00,0,5,0,
2025-12-12T11:44:01,0,0,39,
2025-12-12T11:44:02,0,1,34,
2025-12-12T11:44:03,0,8,12,
2025-12-12T11:44:04,0,3,29,
2025-12-12T11:44:05,0,10,69,
2025-12-12T11:44:06,0,0,7,
2025-12-12T11:44:07,0,0,83,
2025-12-12T11:44:08,0,6,46,
2025-12-12T11:44:09,0,1,93,
2025-12-12T11:44:10,0,4,73,
2025-12-12T11:44:11,0,7,61,
2025-12-12T11:44:12,0,5,26,
2025-12-12T11:44:13,0,5,33,
2025-12-12T11:44:14,0,8,10,
2025-12-12T11:44:15,0,5,36,
2025-12-12T11:44:16,0,6,20,
2025-12-12T11:44:17,0,4,40,
2025-12-12T11:44:18,0,9,83,
2025-12-12T11:44:19,0,9,34,
2025-12-12T11:44:20,0,9,30,
2025-12-12T11:44:22,0,8,68,
2025-12-12T11:44:23,0,7,29,
2025-12-12T11:44:24,0,0,92,
2025-12-12T11:44:25,0,8,59,
2025-12-12T11:44:26,0,8,48,
2025-12-12T11:44:27,0,9,33,
2025-12-12T11:44:28,0,6,24,
2025-12-12T11:44:29,0,8,80,
2025-12-12T11:44:30,0,10,64,
2025-12-12T11:44:31,0,0,18,
2025-12-12T11:44:32,0,6,17,
2025-12-12T11:44:33,0,0,95,
2025-12-12T11:44:34,0,1,73,
2025-12-12T11:44:35,0,9,57,
2025-12-12T11:44:36,0,6,41,
2025-12-12T11:44:37,0,6,68,
2025-12-12T11:44:38,0,9,64,
2025-12-12T11:44:39,0,3,71,
2025-12-12T11:44:40,0,10,81,
2025-12-12T11:44:41,0,4,32,
2025-12-12T11:44:42,0,10,93,
2025-12-12T11:44:43,0,7,16,
2025-12-12T11:44:44,0,6,72,
2025-12-12T11:44:45,0,4,26,
2025-12-12T11:44:46,0,6,92,
2025-12-12T11:44:47,0,1,31,
2025-12-12T11:44:48,0,3,95,
2025-12-12T11:44:49,0,1,89,
2025-12-12T11:44:50,0,3,36,
2025-12-12T11:44:51,0,3,85,
2025-12-12T11:44:52,0,9,17,
2025-12-12T11:44:53,0,2,98,
2025-12-12T11:44:54,0,8,84,
2025-12-12T11:44:55,0,9,34,
2025-12-12T11:44:56,0,4,63,
2025-12-12T11:44:57,0,6,50,
2025-12-12T11:44:58,0,6,16,
2025-12-12T11:44:59,0,3,46,
2025-12-12T11:45:00,0,0,80,
2025-12-12T11:45:01,0,3,38,
2025-12-12T11:45:02,0,3,73,
2025-12-12T11:45:03,0,9,4,
2025-12-12T11:45:04,0,7,38,
2025-12-12T11:45:05,0,9,26,
2025-12-12T11:45:06,0,4,69,
2025-12-12T11:45:07,0,5,58,
2025-12-12T11:45:08,0,10,81,
2025-12-12T11:45:09,0,1,56,
2025-12-12T11:45:10,0,10,23,
2025-12-12T11:45:11,0,7,76,
2025-12-12T11:45:12,0,5,27,
2025-12-12T11:45:13,0,7,45,
2025-12-12T11:45:14,0,5,74,
2025-12-12T11:45:15,0,7,100,
2025-12-12T11:45:16,0,8,65,
2025-12-12T11:45:17,0,0,17,
2025-12-12T11:45:18,0,0,5,
2025-12-12T11:45:19,0,5,49,
2025-12-12T11:45:20,0,0,43,
2025-12-12T11:45:23,0,10,61,
2025-12-12T11:45:24,0,0,74,
2025-12-12T11:45:25,0,4,2,
2025-12-12T11:45:26,0,10,78,
2025-12-12T11:45:27,0,9,97,
2025-12-12T11:45:28,0,3,2,
2025-12-12T11:45:29,0,6,47,
2025-12-12T11:45:30,0,8,99,
2025-12-12T11:45:31,0,9,45,
2025-12-12T11:45:32,0,10,69,
2025-12-12T11:45:33,0,10,74,
2025-12-12T11:45:34,0,4,3,
2025-12-12T11:45:35,0,6,4,
2025-12-12T11:45:36,0,3,53,
2025-12-12T11:45:37,0,7,64,
2025-12-12T11:45:38,0,0,85,
2025-12-12T11:45:39,0,4,94,
2025-12-12T11:45:40,0,1,49,
2025-12-12T11:45:41,0,5,8,
2025-12-12T11:45:42,0,9,78,
2025-12-12T11:45:43,0,10,64,
2025-12-12T11:45:44,0,9,3,
2025-12-12T11:45:45,0,4,56,
2025-12-12T11:45:46,0,8,71,
2025-12-12T11:45:47,0,10,91,
2025-12-12T11:45:48,0,8,50,
2025-12-12T11:45:49,0,8,62,
2025-12-12T11:45:50,0,9,81,
2025-12-12T11:45:51,0,6,93,
2025-12-12T11:45:52,0,2,84,
2025-12-12T11:45:53,0,6,2,
2025-12-12T11:45:54,0,10,29,
2025-12-12T11:45:55,0,7,87,
2025-12-12T11:45:56,0,10,64,
2025-12-12T11:45:57,0,7,29,
2025-12-12T11:45:58,0,6,83,
2025-12-12T11:45:59,0,1,39,
2025-12-12T11:46:00,0,6,99,
2025-12-12T11:46:01,0,0,92,
2025-12-12T11:46:02,0,3,81,
2025-12-12T11:46:03,0,5,24,
2025-12-12T11:46:04,0,6,16,
2025-12-12T11:46:05,0,4,25,
2025-12-12T11:46:06,0,3,51,
2025-12-12T11:46:07,0,4,15,
2025-12-12T11:46:08,0,7,46,
2025-12-12T11:46:09,0,3,13,
2025-12-12T11:46:10,0,5,11,
2025-12-12T11:46:11,0,8,11,
2025-12-12T11:46:12,0,10,75,
2025-12-12T11:46:13,0,2,67,
2025-12-12T11:46:14,0,3,92,
2025-12-12T11:46:15,0,1,69,
2025-12-12T11:46:16,0,8,53,
2025-12-12T11:46:17,0,8,31,
2025-12-12T11:46:18,0,10,56,
2025-12-12T11:46:19,0,4,12,
2025-12-12T11:46:20,0,6,100,
2025-12-12T11:46:22,0,9,60,
2025-12-12T11:46:23,0,5,62,
2025-12-12T11:46:24,0,8,15,
2025-12-12T11:46:25,0,6,19,
2025-12-12T11:46:26,0,4,33,
2025-12-12T11:46:27,0,5,69,
2025-12-12T11:46:28,0,7,49,
2025-12-12T11:46:29,0,9,21,
2025-12-12T11:46:30,0,1,9,
2025-12-12T11:46:31,0,3,95,
2025-12-12T11:46:32,0,6,20,
2025-12-12T11:46:33,0,9,48,
2025-12-12T11:46:34,0,8,73,
2025-12-12T11:46:35,0,6,89,
2025-12-12T11:46:36,0,10,43,
2025-12-12T11:46:37,0,5,44,
2025-12-12T11:46:38,0,5,77,
2025-12-12T11:46:39,0,10,76,
2025-12-12T11:46:40,0,4,71,
2025-12-12T11:46:41,0,7,51,
2025-12-12T11:46:42,0,4,75,
2025-12-12T11:46:43,0,0,79,
2025-12-12T11:46:44,0,9,76,
2025-12-12T11:46:45,0,1,78,
2025-12-12T11:46:46,0,7,56,
2025-12-12T11:46:47,0,0,94,
2025-12-12T11:46:48,0,9,41,
2025-12-12T11:46:49,0,6,61,
2025-12-12T11:46:50,0,9,69,
2025-12-12T11:46:51,0,4,94,
2025-12-12T11:46:52,0,10,29,
2025-12-12T11:46:53,0,3,1,
2025-12-12T11:46:54,0,1,41,
2025-12-12T11:46:55,0,3,71,
2025-12-12T11:46:56,0,1,9,
2025-12-12T11:46:57,0,6,12,
2025-12-12T11:46:58,0,7,70,
2025-12-12T11:46:59,0,4,44,
2025-12-12T11:47:00,0,8,24,
2025-12-12T11:47:01,0,0,50,
2025-12-12T11:47:02,0,2,59,
2025-12-12T11:47:03,0,10,95,
2025-12-12T11:47:04,0,1,18,
2025-12-12T11:47:05,0,8,83,
2025-12-12T11:47:06,0,4,10,
2025-12-12T11:47:07,0,9,16,
2025-12-12T11:47:08,0,7,9,
2025-12-12T11:47:09,0,0,82,
2025-12-12T11:47:10,0,0,15,
2025-12-12T11:47:11,0,10,43,
2025-12-12T11:47:12,0,9,99,
2025-12-12T11:47:13,0,7,22,
2025-12-12T11:47:14,0,5,21,
2025-12-12T11:47:15,0,9,67,
2025-12-12T11:47:16,0,5,24,
2025-12-12T11:47:17,0,7,31,
2025-12-12T11:47:18,0,10,3,
2025-12-12T11:47:19,0,6,57,
2025-12-12T11:47:20,0,2,8,
2025-12-12T11:47:21,0,4,50,
2025-12-12T11:47:22,0,8,51,
2025-12-12T11:47:23,0,2,36,
2025-12-12T11:47:24,0,9,63,
2025-12-12T11:47:25,0,7,81,
2025-12-12T11:47:26,0,2,5,
2025-12-12T11:47:27,0,6,65,
2025-12-12T11:47:28,0,2,9,
2025-12-12T11:47:29,0,6,73,
2025-12-12T11:47:30,0,4,28,
2025-12-12T11:47:31,0,0,12,
2025-12-12T11:47:32,0,9,91,
2025-12-12T11:47:33,0,1,14,
2025-12-12T11:47:34,0,1,27,
2025-12-12T11:47:35,0,2,46,
2025-12-12T11:47:36,0,9,31,
2025-12-12T11:47:37,0,0,23,
2025-12-12T11:47:38,0,1,41,
2025-12-12T11:47:39,0,8,5,
2025-12-12T11:47:40,0,1,48,
2025-12-12T11:47:41,0,8,87,
2025-12-12T11:47:42,0,0,48,
2025-12-12T11:47:43,0,6,2,
2025-12-12T11:47:44,0,5,3,
2025-12-12T11:47:45,0,8,80,
2025-12-12T11:47:46,0,9,0,
2025-12-12T11:47:47,0,1,86,
2025-12-12T11:47:48,0,6,21,
2025-12-12T11:47:49,0,3,92,
2025-12-12T11:47:50,0,3,22,
2025-12-12T11:47:51,0,6,93,
2025-12-12T11:47:52,0,9,58,
2025-12-12T11:47:53,0,4,52,
2025-12-12T11:47:54,0,5,45,
2025-12-12T11:47:55,0,0,95,
2025-12-12T11:47:56,0,6,98,
2025-12-12T11:47:57,0,0,56,
2025-12-12T11:47:58,0,7,79,
2025-12-12T11:47:59,0,6,38,
2025-12-12T11:48:00,0,9,1,
2025-12-12T11:48:01,0,0,40,
2025-12-12T11:48:02,0,1,30,
2025-12-12T11:48:03,0,1,11,
2025-12-12T11:48:04,0,4,88,
2025-12-12T11:48:05,0,0,80,
2025-12-12T11:48:06,0,1,37,
2025-12-12T11:48:07,0,8,90,
2025-12-12T11:48:08,0,6,41,
2025-12-12T11:48:09,0,5,64,
2025-12-12T11:48:10,0,4,18,
2025-12-12T11:48:11,0,8,9,
2025-12-12T11:48:12,0,5,2,
2025-12-12T11:48:13,0,6,9,
2025-12-12T11:48:14,0,1,44,
2025-12-12T11:48:15,0,6,6,
2025-12-12T11:48:17,0,8,95,
2025-12-12T11:48:18,0,1,53,
2025-12-12T11:48:19,0,9,21,
2025-12-12T11:48:20,0,6,6,
2025-12-12T11:48:21,0,8,41,
2025-12-12T11:48:22,0,2,2,
2025-12-12T11:48:23,0,7,70,
2025-12-12T11:48:24,0,0,43,
2025-12-12T11:48:25,0,6,37,
2025-12-12T11:48:26,0,7,74,
2025-12-12T11:48:27,0,10,45,
2025-12-12T11:48:28,0,2,95,
2025-12-12T11:48:29,0,4,24,
2025-12-12T11:48:30,0,1,60,
2025-12-12T11:48:31,0,7,76,
2025-12-12T11:48:32,0,2,16,
2025-12-12T11:48:33,0,6,43,
2025-12-12T11:48:34,0,8,56,
2025-12-12T11:48:35,0,6,82,
2025-12-12T11:48:36,0,1,36,
2025-12-12T11:48:37,0,7,42,
2025-12-12T11:48:38,0,3,19,
2025-12-12T11:48:39,0,1,93,
2025-12-12T11:48:40,0,8,37,
2025-12-12T11:48:41,0,5,7,
2025-12-12T11:48:42,0,2,7,
2025-12-12T11:48:43,0,2,90,
2025-12-12T11:48:44,0,3,68,
2025-12-12T11:48:45,0,2,78,
2025-12-12T11:48:46,0,3,14,
2025-12-12T11:48:47,0,3,95,
2025-12-12T11:48:48,0,0,73,
2025-12-12T11:48:49,0,2,19,
2025-12-12T11:48:50,0,8,24,
2025-12-12T11:48:51,0,0,40,
2025-12-12T11:48:52,0,6,5,
2025-12-12T11:48:53,0,3,13,
2025-12-12T11:48:54,0,9,85,
2025-12-12T11:48:55,0,9,93,
2025-12-12T11:48:56,0,5,13,
2025-12-12T11:48:57,0,8,19,
2025-12-12T11:48:58,0,0,61,
2025-12-12T11:48:59,0,4,2,
2025-12-12T11:49:00,0,6,94,
2025-12-12T11:49:01,0,10,85,
2025-12-12T11:49:02,0,9,9,
2025-12-12T11:49:03,0,10,7,
2025-12-12T11:49:04,0,10,71,
2025-12-12T11:49:05,0,10,53,
2025-12-12T11:49:06,0,3,82,
2025-12-12T11:49:07,0,3,9,
2025-12-12T11:49:08,0,5,38,
2025-12-12T11:49:09,0,5,47,
2025-12-12T11:49:10,0,8,1,
2025-12-12T11:49:11,0,5,27,
2025-12-12T11:49:12,0,2,41,
2025-12-12T11:49:13,0,1,17,
2025-12-12T11:49:14,0,2,28,
2025-12-12T11:49:15,0,8,80,
2025-12-12T11:49:16,0,2,4,
2025-12-12T11:49:17,0,4,47,
2025-12-12T11:49:18,0,9,4,
2025-12-12T11:49:19,0,5,2,
2025-12-12T11:49:20,0,7,3,
2025-12-12T11:49:21,0,7,52,
2025-12-12T11:49:22,0,9,14,
2025-12-12T11:49:23,0,2,36,
2025-12-12T11:49:24,0,9,39,
2025-12-12T11:49:25,0,9,16,
2025-12-12T11:49:26,0,2,73,
2025-12-12T11:49:27,0,3,77,
2025-12-12T11:49:28,0,9,20,
2025-12-12T11:49:29,0,7,1,
2025-12-12T11:49:30,0,8,21,
2025-12-12T11:49:31,0,7,18,
2025-12-12T11:49:32,0,9,87,
2025-12-12T11:49:33,0,4,17,
2025-12-12T11:49:34,0,7,55,
2025-12-12T11:49:35,0,8,9,
2025-12-12T11:49:36,0,0,53,
2025-12-12T11:49:37,0,2,17,
2025-12-12T11:49:38,0,7,13,
2025-12-12T11:49:39,0,2,99,
2025-12-12T11:49:40,0,8,82,
2025-12-12T11:49:41,0,3,25,
2025-12-12T11:49:42,0,4,11,
2025-12-12T11:49:43,0,6,42,
2025-12-12T11:49:44,0,4,15,
2025-12-12T11:49:45,0,6,66,
2025-12-12T11:49:46,0,1,20,
2025-12-12T11:49:47,0,6,71,
2025-12-12T11:49:48,0,7,59,
2025-12-12T11:49:49,0,8,96,
2025-12-12T11:49:50,0,0,12,
2025-12-12T11:49:51,0,1,95,
2025-12-12T11:49:52,0,4,36,
2025-12-12T11:49:53,0,6,43,
2025-12-12T11:49:54,0,2,74,
2025-12-12T11:49:55,0,6,86,
2025-12-12T11:49:56,0,9,63,
2025-12-12T11:49:57,0,1,88,
2025-12-12T11:49:58,0,0,65,
2025-12-12T11:49:59,0,1,74,
2025-12-12T11:50:00,0,10,70,
2025-12-12T11:50:01,0,1,97,
2025-12-12T11:50:02,0,3,83,
2025-12-12T11:50:03,0,4,46,
2025-12-12T11:50:04,0,9,44,
2025-12-12T11:50:05,0,10,11,
2025-12-12T11:50:06,0,2,65,
2025-12-12T11:50:07,0,9,94,
2025-12-12T11:50:08,0,5,40,
2025-12-12T11:50:09,0,1,47,
2025-12-12T11:50:10,0,0,18,
2025-12-12T11:50:11,0,9,85,
2025-12-12T11:50:12,0,3,34,
2025-12-12T11:50:13,0,0,23,
2025-12-12T11:50:14,0,1,88,
2025-12-12T11:50:15,0,1,19,
2025-12-12T11:50:17,0,7,6,
2025-12-12T11:50:18,0,10,16,
2025-12-12T11:50:19,0,2,66,
2025-12-12T11:50:20,0,8,26,
2025-12-12T11:50:21,0,1,48,
2025-12-12T11:50:22,0,4,70,
2025-12-12T11:50:23,0,1,61,
2025-12-12T11:50:24,0,9,18,
2025-12-12T11:50:25,0,1,79,
2025-12-12T11:50:26,0,1,14,
2025-12-12T11:50:27,0,4,34,
2025-12-12T11:50:28,0,0,87,
2025-12-12T11:50:29,0,8,22,
2025-12-12T11:50:30,0,8,97,
2025-12-12T11:50:31,0,10,83,
2025-12-12T11:50:32,0,9,1,
2025-12-12T11:50:33,0,6,36,
2025-12-12T11:50:34,0,4,39,
2025-12-12T11:50:35,0,8,42,
2025-12-12T11:50:36,0,6,62,
2025-12-12T11:50:37,0,0,27,
2025-12-12T11:50:38,0,6,68,
2025-12-12T11:50:39,0,10,3,
2025-12-12T11:50:40,0,3,19,
2025-12-12T11:50:41,0,3,27,
2025-12-12T11:50:42,0,9,99,
2025-12-12T11:50:43,0,1,66,
2025-12-12T11:50:44,0,3,40,
2025-12-12T11:50:45,0,9,55,
2025-12-12T11:50:46,0,3,14,
2025-12-12T11:50:47,0,9,90,
2025-12-12T11:50:48,0,6,97,
2025-12-12T11:50:49,0,2,1,
2025-12-12T11:50:50,0,4,58,
2025-12-12T11:50:51,0,5,8,
2025-12-12T11:50:52,0,0,62,
2025-12-12T11:50:53,0,2,58,
2025-12-12T11:50:54,0,9,56,
2025-12-12T11:50:55,0,2,23,
2025-12-12T11:50:56,0,5,38,
2025-12-12T11:50:57,0,7,23,
2025-12-12T11:50:58,0,2,58,
2025-12-12T11:50:59,0,1,71,
2025-12-12T11:51:00,0,0,14,
2025-12-12T11:51:01,0,7,4,
2025-12-12T11:51:02,0,6,2,
2025-12-12T11:51:03,0,7,26,
2025-12-12T11:51:04,0,8,79,
2025-12-12T11:51:05,0,0,54,
2025-12-12T11:51:06,0,5,60,
2025-12-12T11:51:07,0,8,69,
2025-12-12T11:51:08,0,7,71,
2025-12-12T11:51:09,0,3,25,
2025-12-12T11:51:10,0,4,66,
2025-12-12T11:51:11,0,2,16,
2025-12-12T11:51:12,0,1,42,
2025-12-12T11:51:13,0,6,50,
2025-12-12T11:51:14,0,6,25,
2025-12-12T11:51:15,0,5,33,
2025-12-12T11:51:16,0,7,24,
2025-12-12T11:51:17,0,4,82,
2025-12-12T11:51:18,0,8,3,
2025-12-12T11:51:19,0,1,86,
2025-12-12T11:51:20,0,1,93,
2025-12-12T11:51:21,0,5,83,
2025-12-12T11:51:22,0,4,67,
2025-12-12T11:51:23,0,2,77,
2025-12-12T11:51:24,0,2,29,
2025-12-12T11:51:25,0,1,30,
2025-12-12T11:51:26,0,7,41,
2025-12-12T11:51:27,0,3,80,
2025-12-12T11:51:28,0,2,98,
2025-12-12T11:51:29,0,6,54,
2025-12-12T11:51:30,0,7,88,
2025-12-12T11:51:31,0,5,70,
2025-12-12T11:51:32,0,9,39,
2025-12-12T11:51:33,0,0,31,
2025-12-12T11:51:34,0,0,29,
2025-12-12T11:51:35,0,0,89,
2025-12-12T11:51:36,0,8,99,
2025-12-12T11:51:37,0,8,36,
2025-12-12T11:51:38,0,2,36,
2025-12-12T11:51:39,0,10,24,
2025-12-12T11:51:40,0,6,1,
2025-12-12T11:51:41,0,4,57,
2025-12-12T11:51:42,0,9,53,
2025-12-12T11:51:43,0,9,73,
2025-12-12T11:51:44,0,2,36,
2025-12-12T11:51:45,0,1,4,
2025-12-12T11:51:46,0,3,16,
2025-12-12T11:51:47,0,1,29,
2025-12-12T11:51:48,0,2,44,
2025-12-12T11:51:49,0,7,2,
2025-12-12T11:51:51,0,7,24,
2025-12-12T11:51:52,0,1,29,
2025-12-12T11:51:53,0,2,55,
2025-12-12T11:51:54,0,0,91,
2025-12-12T11:51:55,0,10,61,
2025-12-12T11:51:56,0,1,98,
2025-12-12T11:51:57,0,0,67,
2025-12-12T11:51:58,0,1,40,
2025-12-12T11:51:59,0,5,90,
2025-12-12T11:52:00,0,4,41,
2025-12-12T11:52:01,0,4,61,
2025-12-12T11:52:02,0,1,38,
2025-12-12T11:52:03,0,2,38,
2025-12-12T11:52:04,0,3,22,
2025-12-12T11:52:05,0,9,5,
2025-12-12T11:52:06,0,6,17,
2025-12-12T11:52:07,0,8,22,
2025-12-12T11:52:08,0,4,53,
2025-12-12T11:52:09,0,4,9,
2025-12-12T11:52:10,0,0,18,
2025-12-12T11:52:11,0,7,50,
2025-12-12T11:52:12,0,7,13,
2025-12-12T11:52:13,0,0,53,
2025-12-12T11:52:14,0,2,75,
2025-12-12T11:52:15,0,3,60,
2025-12-12T11:52:16,0,5,69,
2025-12-12T11:52:17,0,1,54,
2025-12-12T11:52:18,0,1,95,
2025-12-12T11:52:19,0,3,77,
2025-12-12T11:52:20,0,3,31,
2025-12-12T11:52:21,0,1,63,
2025-12-12T11:52:22,0,0,22,
2025-12-12T11:52:23,0,5,85,
2025-12-12T11:52:24,0,1,89,
2025-12-12T11:52:25,0,4,17,
2025-12-12T11:52:26,0,6,4,
2025-12-12T11:52:27,0,0,70,
2025-12-12T11:52:28,0,4,33,
2025-12-12T11:52:29,0,4,94,
2025-12-12T11:52:30,0,4,33,
2025-12-12T11:52:31,0,2,98,
2025-12-12T11:52:32,0,6,11,
2025-12-12T11:52:33,0,4,45,
2025-12-12T11:52:34,0,10,59,
2025-12-12T11:52:35,0,7,51,
2025-12-12T11:52:36,0,0,11,
2025-12-12T11:52:37,0,9,56,
2025-12-12T11:52:38,0,3,34,
2025-12-12T11:52:39,0,7,17,
2025-12-12T11:52:40,0,1,58,
2025-12-12T11:52:41,0,0,72,
2025-12-12T11:52:42,0,4,49,
2025-12-12T11:52:43,0,5,53,
2025-12-12T11:52:44,0,9,0,
2025-12-12T11:52:45,0,1,50,
2025-12-12T11:52:46,0,7,62,
2025-12-12T11:52:47,0,7,43,
2025-12-12T11:52:48,0,8,93,
2025-12-12T11:52:49,0,4,77,
2025-12-12T11:52:50,0,1,73,
2025-12-12T11:52:51,0,8,16,
2025-12-12T11:52:52,0,10,56,
2025-12-12T11:52:53,0,8,3,
2025-12-12T11:52:54,0,2,37,
2025-12-12T11:52:55,0,2,52,
2025-12-12T11:52:56,0,4,29,
2025-12-12T11:52:57,0,5,11,
2025-12-12T11:52:58,0,8,48,
2025-12-12T11:52:59,0,9,69,
2025-12-12T11:53:00,0,2,86,
2025-12-12T11:53:01,0,9,43,
2025-12-12T11:53:02,0,5,27,
2025-12-12T11:53:03,0,2,33,
2025-12-12T11:53:04,0,2,34,
2025-12-12T11:53:05,0,4,20,
2025-12-12T11:53:06,0,4,12,
2025-12-12T11:53:07,0,2,77,
2025-12-12T11:53:08,0,6,22,
2025-12-12T11:53:09,0,10,10,
2025-12-12T11:53:10,0,2,67,
2025-12-12T11:53:11,0,2,70,
2025-12-12T11:53:12,0,0,85,
2025-12-12T11:53:13,0,9,39,
2025-12-12T11:53:14,0,9,99,
2025-12-12T11:53:16,0,0,48,
2025-12-12T11:53:17,0,5,53,
2025-12-12T11:53:18,0,8,31,
2025-12-12T11:53:19,0,3,89,
2025-12-12T11:53:20,0,1,60,
2025-12-12T11:53:21,0,3,78,
2025-12-12T11:53:22,0,0,95,
2025-12-12T11:53:23,0,7,77,
2025-12-12T11:53:24,0,10,49,
2025-12-12T11:53:25,0,4,44,
2025-12-12T11:53:26,0,8,26,
2025-12-12T11:53:27,0,2,58,
2025-12-12T11:53:28,0,8,75,
2025-12-12T11:53:29,0,0,7,
2025-12-12T11:53:30,0,6,16,
2025-12-12T11:53:31,0,7,91,
2025-12-12T11:53:32,0,8,46,
2025-12-12T11:53:33,0,6,77,
2025-12-12T11:53:34,0,7,82,
2025-12-12T11:53:35,0,9,80,
2025-12-12T11:53:36,0,8,22,
2025-12-12T11:53:37,0,7,83,
2025-12-12T11:53:38,0,7,66,
2025-12-12T11:53:39,0,3,4,
2025-12-12T11:53:40,0,8,74,
2025-12-12T11:53:41,0,10,85,
2025-12-12T11:53:42,0,2,66,
2025-12-12T11:53:43,0,8,27,
2025-12-12T11:53:44,0,6,82,
2025-12-12T11:53:45,0,3,89,
2025-12-12T11:53:46,0,6,97,
2025-12-12T11:53:47,0,10,17,
2025-12-12T11:53:48,0,8,94,
2025-12-12T11:53:49,0,2,99,
2025-12-12T11:53:50,0,3,18,
2025-12-12T11:53:51,0,0,92,
2025-12-12T11:53:52,0,0,23,
2025-12-12T11:53:53,0,0,6,
2025-12-12T11:53:54,0,8,36,
2025-12-12T11:53:55,0,3,29,
2025-12-12T11:53:56,0,6,42,
2025-12-12T11:53:57,0,3,11,
2025-12-12T11:53:58,0,8,53,
2025-12-12T11:53:59,0,1,11,
2025-12-12T11:54:00,0,1,51,
2025-12-12T11:54:01,0,1,72,
2025-12-12T11:54:02,0,6,25,
2025-12-12T11:54:03,0,9,87,
2025-12-12T11:54:04,0,5,57,
2025-12-12T11:54:05,0,10,42,
2025-12-12T11:54:06,0,8,50,
2025-12-12T11:54:07,0,0,62,
2025-12-12T11:54:08,0,7,81,
2025-12-12T11:54:09,0,3,69,
2025-12-12T11:54:10,0,6,80,
2025-12-12T11:54:11,0,10,65,
2025-12-12T11:54:12,0,9,28,
2025-12-12T11:54:13,0,1,67,
2025-12-12T11:54:14,0,8,37,
2025-12-12T11:54:15,0,7,63,
2025-12-12T11:54:16,0,9,69,
2025-12-12T11:54:17,0,7,88,
2025-12-12T11:54:18,0,8,35,
2025-12-12T11:54:19,0,1,25,
2025-12-12T11:54:20,0,0,25,
2025-12-12T11:54:22,0,7,91,
2025-12-12T11:54:23,0,5,56,
2025-12-12T11:54:24,0,4,32,
2025-12-12T11:54:25,0,9,18,
2025-12-12T11:54:26,0,0,60,
2025-12-12T11:54:27,0,0,70,
2025-12-12T11:54:28,0,0,0,
2025-12-12T11:54:29,0,10,81,
2025-12-12T11:54:30,0,7,51,
2025-12-12T11:54:31,0,1,38,
2025-12-12T11:54:32,0,7,1,
2025-12-12T11:54:33,0,9,20,
2025-12-12T11:54:34,0,8,96,
2025-12-12T11:54:35,0,0,6,
2025-12-12T11:54:36,0,0,93,
2025-12-12T11:54:37,0,9,79,
2025-12-12T11:54:38,0,5,3,
2025-12-12T11:54:39,0,3,7,
2025-12-12T11:54:40,0,5,43,
2025-12-12T11:54:41,0,4,60,
2025-12-12T11:54:42,0,5,93,
2025-12-12T11:54:43,0,7,62,
2025-12-12T11:54:44,0,5,36,
2025-12-12T11:54:45,0,0,20,
2025-12-12T11:54:46,0,7,7,
2025-12-12T11:54:47,0,0,69,
2025-12-12T11:54:48,0,1,73,
2025-12-12T11:54:49,0,1,67,
2025-12-12T11:54:50,0,2,1,
2025-12-12T11:54:51,0,3,19,
2025-12-12T11:54:52,0,8,86,
2025-12-12T11:54:53,0,9,5,
2025-12-12T11:54:54,0,8,95,
2025-12-12T11:54:55,0,5,6,
2025-12-12T11:54:56,0,8,73,
2025-12-12T11:54:57,0,10,98,
2025-12-12T11:54:58,0,7,78,
2025-12-12T11:54:59,0,4,47,
2025-12-12T11:55:00,0,0,7,
2025-12-12T11:55:01,0,8,12,
2025-12-12T11:55:02,0,1,68,
2025-12-12T11:55:03,0,5,91,
2025-12-12T11:55:04,0,7,8,
2025-12-12T11:55:05,0,0,67,
2025-12-12T11:55:06,0,8,98,
2025-12-12T11:55:07,0,9,64,
2025-12-12T11:55:08,0,10,7,
2025-12-12T11:55:09,0,9,0,
2025-12-12T11:55:10,0,5,55,
2025-12-12T11:55:11,0,6,81,
2025-12-12T11:55:12,0,1,15,
2025-12-12T11:55:13,0,1,30,
2025-12-12T11:55:14,0,7,72,
2025-12-12T11:55:15,0,10,18,
2025-12-12T11:55:16,0,0,66,
2025-12-12T11:55:17,0,10,69,
2025-12-12T11:55:18,0,5,7,
2025-12-12T11:55:19,0,0,36,
2025-12-12T11:55:20,0,10,46,
2025-12-12T11:55:21,0,1,83,
2025-12-12T11:55:22,0,6,96,
2025-12-12T11:55:23,0,9,29,
2025-12-12T11:55:24,0,2,8,
2025-12-12T11:55:25,0,10,35,
2025-12-12T11:55:26,0,2,54,
2025-12-12T11:55:27,0,4,54,
2025-12-12T11:55:28,0,0,48,
2025-12-12T11:55:29,0,5,32,
2025-12-12T11:55:30,0,9,60,
2025-12-12T11:55:31,0,0,49,
2025-12-12T11:55:32,0,3,99,
2025-12-12T11:55:33,0,10,42,
2025-12-12T11:55:34,0,8,41,
2025-12-12T11:55:35,0,10,16,
2025-12-12T11:55:36,0,2,44,
2025-12-12T11:55:37,0,0,33,
2025-12-12T11:55:38,0,6,30,
2025-12-12T11:55:39,0,5,9,
2025-12-12T11:55:40,0,8,19,
2025-12-12T11:55:41,0,6,89,
2025-12-12T11:55:42,0,10,21,
2025-12-12T11:55:43,0,10,29,
2025-12-12T11:55:44,0,0,22,
2025-12-12T11:55:45,0,8,39,
2025-12-12T11:55:46,0,9,91,
2025-12-12T11:55:47,0,10,28,
2025-12-12T11:55:48,0,3,40,
2025-12-12T11:55:49,0,1,80,
2025-12-12T11:55:50,0,3,98,
2025-12-12T11:55:51,0,6,76,
2025-12-12T11:55:52,0,1,74,
2025-12-12T11:55:53,0,6,10,
2025-12-12T11:55:54,0,6,10,
2025-12-12T11:55:55,0,9,62,
2025-12-12T11:55:56,0,9,41,
2025-12-12T11:55:57,0,7,45,
2025-12-12T11:55:58,0,8,68,
2025-12-12T11:55:59,0,4,77,
2025-12-12T11:56:00,0,5,40,
2025-12-12T11:56:01,0,2,32,
2025-12-12T11:56:02,0,2,30,
2025-12-12T11:56:03,0,1,51,
2025-12-12T11:56:04,0,4,9,
2025-12-12T11:56:05,0,5,51,
2025-12-12T11:56:06,0,2,77,
2025-12-12T11:56:08,0,5,50,
2025-12-12T11:56:09,0,5,75,
2025-12-12T11:56:10,0,0,93,
2025-12-12T11:56:11,0,1,35,
2025-12-12T11:56:12,0,3,95,
2025-12-12T11:56:13,0,7,86,
2025-12-12T11:56:14,0,9,15,
2025-12-12T11:56:15,0,2,63,
2025-12-12T11:56:16,0,6,66,
2025-12-12T11:56:17,0,5,83,
2025-12-12T11:56:18,0,1,60,
2025-12-12T11:56:19,0,10,96,
2025-12-12T11:56:20,0,10,48,
2025-12-12T11:56:21,0,10,54,
2025-12-12T11:56:22,0,0,33,
2025-12-12T11:56:23,0,7,26,
2025-12-12T11:56:24,0,2,35,
2025-12-12T11:56:25,0,3,12,
2025-12-12T11:56:26,0,7,19,
2025-12-12T11:56:27,0,10,45,
2025-12-12T11:56:28,0,6,85,
2025-12-12T11:56:29,0,1,74,
2025-12-12T11:56:30,0,7,97,
2025-12-12T11:56:31,0,8,66,
2025-12-12T11:56:32,0,6,25,
2025-12-12T11:56:33,0,0,13,
2025-12-12T11:56:34,0,2,33,
2025-12-12T11:56:35,0,10,62,
2025-12-12T11:56:36,0,0,60,
2025-12-12T11:56:37,0,9,48,
2025-12-12T11:56:38,0,2,49,
2025-12-12T11:56:39,0,5,96,
2025-12-12T11:56:40,0,7,68,
2025-12-12T11:56:41,0,7,82,
2025-12-12T11:56:42,0,1,74,
2025-12-12T11:56:43,0,4,49,
2025-12-12T11:56:44,0,7,8,
2025-12-12T11:56:45,0,4,90,
2025-12-12T11:56:46,0,6,20,
2025-12-12T11:56:47,0,0,15,
2025-12-12T11:56:48,0,3,15,
2025-12-12T11:56:49,0,2,50,
2025-12-12T11:56:50,0,1,80,
2025-12-12T11:56:51,0,1,48,
2025-12-12T11:56:52,0,3,10,
2025-12-12T11:56:53,0,4,52,
2025-12-12T11:56:54,0,1,75,
2025-12-12T11:56:55,0,6,78,
2025-12-12T11:56:56,0,8,92,
2025-12-12T11:56:57,0,6,88,
2025-12-12T11:56:58,0,3,83,
2025-12-12T11:56:59,0,8,36,
2025-12-12T11:57:00,0,4,70,
2025-12-12T11:57:01,0,9,71,
2025-12-12T11:57:02,0,6,58,
2025-12-12T11:57:03,0,6,66,
2025-12-12T11:57:04,0,0,88,
2025-12-12T11:57:05,0,9,6,
2025-12-12T11:57:06,0,3,22,
2025-12-12T11:57:07,0,4,100,
2025-12-12T11:57:08,0,0,90,
2025-12-12T11:57:09,0,7,75,
2025-12-12T11:57:10,0,7,21,
2025-12-12T11:57:11,0,5,61,
2025-12-12T11:57:12,0,2,68,
2025-12-12T11:57:13,0,9,97,
2025-12-12T11:57:14,0,2,33,
2025-12-12T11:57:15,0,6,10,
2025-12-12T11:57:16,0,6,73,
2025-12-12T11:57:17,0,3,52,
2025-12-12T11:57:18,0,8,20,
2025-12-12T11:57:19,0,7,87,
2025-12-12T11:57:20,0,7,59,
2025-12-12T11:57:22,0,0,49,
2025-12-12T11:57:23,0,10,7,
2025-12-12T11:57:24,0,6,95,
2025-12-12T11:57:25,0,5,97,
2025-12-12T11:57:26,0,5,2,
2025-12-12T11:57:27,0,0,99,
2025-12-12T11:57:28,0,0,4,
2025-12-12T11:57:29,0,2,2,
2025-12-12T11:57:30,0,0,4,
2025-12-12T11:57:31,0,8,16,
2025-12-12T11:57:32,0,4,62,
2025-12-12T11:57:33,0,10,42,
2025-12-12T11:57:34,0,4,4,
2025-12-12T11:57:35,0,6,45,
2025-12-12T11:57:36,0,6,93,
2025-12-12T11:57:37,0,2,59,
2025-12-12T11:57:38,0,6,8,
2025-12-12T11:57:39,0,5,100,
2025-12-12T11:57:40,0,5,14,
2025-12-12T11:57:41,0,7,98,
2025-12-12T11:57:42,0,5,19,
2025-12-12T11:57:43,0,5,27,
2025-12-12T11:57:44,0,5,100,
2025-12-12T11:57:45,0,3,54,
2025-12-12T11:57:46,0,6,14,
2025-12-12T11:57:47,0,9,73,
2025-12-12T11:57:48,0,2,31,
2025-12-12T11:57:49,0,2,23,
2025-12-12T11:57:50,0,0,31,
2025-12-12T11:57:51,0,1,24,
2025-12-12T11:57:52,0,6,27,
2025-12-12T11:57:53,0,2,94,
2025-12-12T11:57:54,0,1,80,
2025-12-12T11:57:55,0,4,76,
2025-12-12T11:57:56,0,8,52,
2025-12-12T11:57:57,0,6,54,
2025-12-12T11:57:58,0,2,73,
2025-12-12T11:57:59,0,1,10,
2025-12-12T11:58:00,0,1,19,
2025-12-12T11:58:01,0,0,66,
2025-12-12T11:58:02,0,10,50,
2025-12-12T11:58:03,0,10,8,
2025-12-12T11:58:04,0,2,19,
2025-12-12T11:58:05,0,3,17,
2025-12-12T11:58:06,0,9,7,
2025-12-12T11:58:07,0,9,2,
2025-12-12T11:58:08,0,7,21,
2025-12-12T11:58:09,0,5,63,
2025-12-12T11:58:10,0,0,46,
2025-12-12T11:58:11,0,0,60,
2025-12-12T11:58:12,0,4,12,
2025-12-12T11:58:13,0,1,50,
2025-12-12T11:58:14,0,6,69,
2025-12-12T11:58:15,0,3,17,
2025-12-12T11:58:16,0,7,26,
2025-12-12T11:58:17,0,8,32,
2025-12-12T11:58:18,0,8,40,
2025-12-12T11:58:19,0,6,10,
2025-12-12T11:58:20,0,0,11,
2025-12-12T11:58:22,0,6,17,
2025-12-12T11:58:23,0,0,10,
2025-12-12T11:58:24,0,0,45,
2025-12-12T11:58:25,0,2,39,
2025-12-12T11:58:26,0,10,90,
2025-12-12T11:58:27,0,10,58,
2025-12-12T11:58:28,0,2,54,
2025-12-12T11:58:29,0,4,27,
2025-12-12T11:58:30,0,3,79,
2025-12-12T11:58:31,0,4,16,
2025-12-12T11:58:32,0,9,50,
2025-12-12T11:58:33,0,4,99,
2025-12-12T11:58:34,0,9,56,
2025-12-12T11:58:35,0,10,92,
2025-12-12T11:58:36,0,8,73,
2025-12-12T11:58:37,0,10,58,
2025-12-12T11:58:38,0,9,76,
2025-12-12T11:58:39,0,10,60,
2025-12-12T11:58:40,0,3,2,
2025-12-12T11:58:41,0,2,12,
2025-12-12T11:58:42,0,7,81,
2025-12-12T11:58:43,0,10,18,
2025-12-12T11:58:44,0,3,91,
2025-12-12T11:58:45,0,1,47,
2025-12-12T11:58:46,0,5,61,
2025-12-12T11:58:47,0,5,73,
2025-12-12T11:58:48,0,2,55,
2025-12-12T11:58:49,0,0,90,
2025-12-12T11:58:50,0,2,98,
2025-12-12T11:58:51,0,1,8,
2025-12-12T11:58:52,0,4,18,
2025-12-12T11:58:53,0,1,93,
2025-12-12T11:58:54,0,4,66,
2025-12-12T11:58:55,0,2,11,
2025-12-12T11:58:56,0,5,92,
2025-12-12T11:58:57,0,2,18,
2025-12-12T11:58:58,0,5,51,
2025-12-12T11:58:59,0,4,91,
2025-12-12T11:59:00,0,5,64,
2025-12-12T11:59:01,0,8,35,
2025-12-12T11:59:02,0,7,71,
2025-12-12T11:59:03,0,4,59,
2025-12-12T11:59:04,0,6,35,
2025-12-12T11:59:05,0,0,95,
2025-12-12T11:59:06,0,2,88,
2025-12-12T11:59:07,0,2,77,
2025-12-12T11:59:08,0,9,32,
2025-12-12T11:59:09,0,7,51,
2025-12-12T11:59:10,0,1,45,
2025-12-12T11:59:11,0,8,74,
2025-12-12T11:59:12,0,7,67,
2025-12-12T11:59:13,0,7,15,
2025-12-12T11:59:14,0,3,71,
2025-12-12T11:59:15,0,2,25,
2025-12-12T11:59:16,0,7,75,
2025-12-12T11:59:17,0,7,79,
2025-12-12T11:59:18,0,8,34,
2025-12-12T11:59:19,0,6,70,
2025-12-12T11:59:20,0,3,82,
2025-12-12T11:59:22,0,2,82,
2025-12-12T11:59:23,0,5,30,
2025-12-12T11:59:24,0,9,74,
2025-12-12T11:59:25,0,6,52,
2025-12-12T11:59:26,0,4,43,
2025-12-12T11:59:27,0,6,74,
2025-12-12T11:59:28,0,4,74,
2025-12-12T11:59:29,0,0,75,
2025-12-12T11:59:30,0,10,28,
2025-12-12T11:59:31,0,9,37,
2025-12-12T11:59:32,0,7,5,
2025-12-12T11:59:33,0,7,63,
2025-12-12T11:59:34,0,2,59,
2025-12-12T11:59:35,0,8,33,
2025-12-12T11:59:36,0,7,4,
2025-12-12T11:59:37,0,5,6,
2025-12-12T11:59:38,0,4,17,
2025-12-12T11:59:39,0,10,90,
2025-12-12T11:59:40,0,9,96,
2025-12-12T11:59:41,0,3,3,
2025-12-12T11:59:42,0,0,13,
2025-12-12T11:59:43,0,5,55,
2025-12-12T11:59:44,0,3,22,
2025-12-12T11:59:45,0,9,89,
2025-12-12T11:59:46,0,0,56,
2025-12-12T11:59:47,0,5,99,
2025-12-12T11:59:48,0,8,13,
2025-12-12T11:59:49,0,1,81,
2025-12-12T11:59:50,0,7,1,
2025-12-12T11:59:51,0,7,41,
2025-12-12T11:59:52,0,5,40,
2025-12-12T11:59:53,0,0,77,
2025-12-12T11:59:54,0,5,10,
2025-12-12T11:59:55,0,10,72,
2025-12-12T11:59:56,0,10,0,
2025-12-12T11:59:57,0,0,48,
2025-12-12T11:59:58,0,2,98,
2025-12-12T11:59:59,0,6,32,
